title,kind,path,source
Matched subset diagnosis summary,docs_png,/Volumes/ssd/thesis_organization/ndb_ufes_data_organizer/docs/assets/generated/dataset_diagnosis_summary.png,/Volumes/ssd/thesis_organization/ndb_ufes_data_organizer/results/phase3_fold_creation/fold_assignments_origin.csv; /Volumes/ssd/thesis_organization/ndb_ufes_data_organizer/results/phase3_fold_creation/fold_assignments_patch_level.csv
Matched subset diagnosis summary,thesis_png,/Volumes/ssd/thesis_organization/ndb_ufes_data_organizer/results/thesis_figures/dataset_diagnosis_summary.png,/Volumes/ssd/thesis_organization/ndb_ufes_data_organizer/results/phase3_fold_creation/fold_assignments_origin.csv; /Volumes/ssd/thesis_organization/ndb_ufes_data_organizer/results/phase3_fold_creation/fold_assignments_patch_level.csv
Matched subset diagnosis summary,thesis_svg,/Volumes/ssd/thesis_organization/ndb_ufes_data_organizer/results/thesis_figures/dataset_diagnosis_summary.svg,/Volumes/ssd/thesis_organization/ndb_ufes_data_organizer/results/phase3_fold_creation/fold_assignments_origin.csv; /Volumes/ssd/thesis_organization/ndb_ufes_data_organizer/results/phase3_fold_creation/fold_assignments_patch_level.csv
Matched subset diagnosis summary,thesis_pdf,/Volumes/ssd/thesis_organization/ndb_ufes_data_organizer/results/thesis_figures/dataset_diagnosis_summary.pdf,/Volumes/ssd/thesis_organization/ndb_ufes_data_organizer/results/phase3_fold_creation/fold_assignments_origin.csv; /Volumes/ssd/thesis_organization/ndb_ufes_data_organizer/results/phase3_fold_creation/fold_assignments_patch_level.csv
Matched subset diagnosis summary,plotly_html,/Volumes/ssd/thesis_organization/ndb_ufes_data_organizer/docs/visualizations/generated/dataset_diagnosis_summary.html,/Volumes/ssd/thesis_organization/ndb_ufes_data_organizer/results/phase3_fold_creation/fold_assignments_origin.csv; /Volumes/ssd/thesis_organization/ndb_ufes_data_organizer/results/phase3_fold_creation/fold_assignments_patch_level.csv
Matched subset diagnosis summary,plotly_preview_png,/Volumes/ssd/thesis_organization/ndb_ufes_data_organizer/docs/assets/generated/plotly_previews/dataset_diagnosis_summary.png,/Volumes/ssd/thesis_organization/ndb_ufes_data_organizer/results/phase3_fold_creation/fold_assignments_origin.csv; /Volumes/ssd/thesis_organization/ndb_ufes_data_organizer/results/phase3_fold_creation/fold_assignments_patch_level.csv
Source-paper NDB-UFES task counts,docs_png,/Volumes/ssd/thesis_organization/ndb_ufes_data_organizer/docs/assets/generated/source_task_counts.png,NDB-UFES source paper task counts
Source-paper NDB-UFES task counts,thesis_png,/Volumes/ssd/thesis_organization/ndb_ufes_data_organizer/results/thesis_figures/source_task_counts.png,NDB-UFES source paper task counts
Source-paper NDB-UFES task counts,thesis_svg,/Volumes/ssd/thesis_organization/ndb_ufes_data_organizer/results/thesis_figures/source_task_counts.svg,NDB-UFES source paper task counts
Source-paper NDB-UFES task counts,thesis_pdf,/Volumes/ssd/thesis_organization/ndb_ufes_data_organizer/results/thesis_figures/source_task_counts.pdf,NDB-UFES source paper task counts
Source-paper NDB-UFES task counts,plotly_html,/Volumes/ssd/thesis_organization/ndb_ufes_data_organizer/docs/visualizations/generated/source_task_counts.html,NDB-UFES source paper task counts
Source-paper NDB-UFES task counts,plotly_preview_png,/Volumes/ssd/thesis_organization/ndb_ufes_data_organizer/docs/assets/generated/plotly_previews/source_task_counts.png,NDB-UFES source paper task counts
Top categorical associations,docs_png,/Volumes/ssd/thesis_organization/ndb_ufes_data_organizer/docs/assets/generated/top_cramers_v.png,/Volumes/ssd/thesis_organization/ndb_ufes_data_organizer/results/dataset_statistics/categorical_association_cramers_v.csv
Top categorical associations,thesis_png,/Volumes/ssd/thesis_organization/ndb_ufes_data_organizer/results/thesis_figures/top_cramers_v.png,/Volumes/ssd/thesis_organization/ndb_ufes_data_organizer/results/dataset_statistics/categorical_association_cramers_v.csv
Top categorical associations,thesis_svg,/Volumes/ssd/thesis_organization/ndb_ufes_data_organizer/results/thesis_figures/top_cramers_v.svg,/Volumes/ssd/thesis_organization/ndb_ufes_data_organizer/results/dataset_statistics/categorical_association_cramers_v.csv
Top categorical associations,thesis_pdf,/Volumes/ssd/thesis_organization/ndb_ufes_data_organizer/results/thesis_figures/top_cramers_v.pdf,/Volumes/ssd/thesis_organization/ndb_ufes_data_organizer/results/dataset_statistics/categorical_association_cramers_v.csv
Top categorical associations,plotly_html,/Volumes/ssd/thesis_organization/ndb_ufes_data_organizer/docs/visualizations/generated/top_cramers_v.html,/Volumes/ssd/thesis_organization/ndb_ufes_data_organizer/results/dataset_statistics/categorical_association_cramers_v.csv
Top categorical associations,plotly_preview_png,/Volumes/ssd/thesis_organization/ndb_ufes_data_organizer/docs/assets/generated/plotly_previews/top_cramers_v.png,/Volumes/ssd/thesis_organization/ndb_ufes_data_organizer/results/dataset_statistics/categorical_association_cramers_v.csv
Origin Diagnosis: Source Metadata vs Matched Subset,plotly_html,/Volumes/ssd/thesis_organization/ndb_ufes_data_organizer/docs/visualizations/generated/01a_origin_diagnosis_actual_vs_matched_stacked.html,/Volumes/ssd/thesis_organization/ndb_ufes_data_organizer/data/ndb_ufes/origin_level/csvs/ndb-ufes.csv; /Volumes/ssd/thesis_organization/ndb_ufes_data_organizer/results/phase3_fold_creation/fold_assignments_origin.csv
Origin Diagnosis: Source Metadata vs Matched Subset,plotly_preview_png,/Volumes/ssd/thesis_organization/ndb_ufes_data_organizer/docs/assets/generated/plotly_previews/01a_origin_diagnosis_actual_vs_matched_stacked.png,/Volumes/ssd/thesis_organization/ndb_ufes_data_organizer/data/ndb_ufes/origin_level/csvs/ndb-ufes.csv; /Volumes/ssd/thesis_organization/ndb_ufes_data_organizer/results/phase3_fold_creation/fold_assignments_origin.csv
Origin Diagnosis In Matched Subset,plotly_html,/Volumes/ssd/thesis_organization/ndb_ufes_data_organizer/docs/visualizations/generated/01b_origin_diagnosis_matched_count_percent.html,/Volumes/ssd/thesis_organization/ndb_ufes_data_organizer/data/ndb_ufes/origin_level/csvs/ndb-ufes.csv
Origin Diagnosis In Matched Subset,plotly_preview_png,/Volumes/ssd/thesis_organization/ndb_ufes_data_organizer/docs/assets/generated/plotly_previews/01b_origin_diagnosis_matched_count_percent.png,/Volumes/ssd/thesis_organization/ndb_ufes_data_organizer/data/ndb_ufes/origin_level/csvs/ndb-ufes.csv
Patch Diagnosis In Matched Subset,plotly_html,/Volumes/ssd/thesis_organization/ndb_ufes_data_organizer/docs/visualizations/generated/01c_patch_diagnosis_matched_count_percent.html,/Volumes/ssd/thesis_organization/ndb_ufes_data_organizer/data/ndb_ufes/patch/parcial_pndb_ufes.csv
Patch Diagnosis In Matched Subset,plotly_preview_png,/Volumes/ssd/thesis_organization/ndb_ufes_data_organizer/docs/assets/generated/plotly_previews/01c_patch_diagnosis_matched_count_percent.png,/Volumes/ssd/thesis_organization/ndb_ufes_data_organizer/data/ndb_ufes/patch/parcial_pndb_ufes.csv
Patch Task II Distribution,plotly_html,/Volumes/ssd/thesis_organization/ndb_ufes_data_organizer/docs/visualizations/generated/02a_patch_taskii_count_percent.html,/Volumes/ssd/thesis_organization/ndb_ufes_data_organizer/data/ndb_ufes/patch/parcial_pndb_ufes.csv
Patch Task II Distribution,plotly_preview_png,/Volumes/ssd/thesis_organization/ndb_ufes_data_organizer/docs/assets/generated/plotly_previews/02a_patch_taskii_count_percent.png,/Volumes/ssd/thesis_organization/ndb_ufes_data_organizer/data/ndb_ufes/patch/parcial_pndb_ufes.csv
Origin Task II Distribution,plotly_html,/Volumes/ssd/thesis_organization/ndb_ufes_data_organizer/docs/visualizations/generated/02a_taskii_origin_count_percent.html,/Volumes/ssd/thesis_organization/ndb_ufes_data_organizer/data/ndb_ufes/origin_level/csvs/ndb-ufes.csv
Origin Task II Distribution,plotly_preview_png,/Volumes/ssd/thesis_organization/ndb_ufes_data_organizer/docs/assets/generated/plotly_previews/02a_taskii_origin_count_percent.png,/Volumes/ssd/thesis_organization/ndb_ufes_data_organizer/data/ndb_ufes/origin_level/csvs/ndb-ufes.csv
Patch Task II Distribution,plotly_html,/Volumes/ssd/thesis_organization/ndb_ufes_data_organizer/docs/visualizations/generated/02a_taskii_patch_count_percent.html,/Volumes/ssd/thesis_organization/ndb_ufes_data_organizer/data/ndb_ufes/patch/parcial_pndb_ufes.csv
Patch Task II Distribution,plotly_preview_png,/Volumes/ssd/thesis_organization/ndb_ufes_data_organizer/docs/assets/generated/plotly_previews/02a_taskii_patch_count_percent.png,/Volumes/ssd/thesis_organization/ndb_ufes_data_organizer/data/ndb_ufes/patch/parcial_pndb_ufes.csv
Patch Task III Distribution,plotly_html,/Volumes/ssd/thesis_organization/ndb_ufes_data_organizer/docs/visualizations/generated/02b_patch_taskiii_count_percent.html,/Volumes/ssd/thesis_organization/ndb_ufes_data_organizer/data/ndb_ufes/patch/parcial_pndb_ufes.csv
Patch Task III Distribution,plotly_preview_png,/Volumes/ssd/thesis_organization/ndb_ufes_data_organizer/docs/assets/generated/plotly_previews/02b_patch_taskiii_count_percent.png,/Volumes/ssd/thesis_organization/ndb_ufes_data_organizer/data/ndb_ufes/patch/parcial_pndb_ufes.csv
Origin Task III Distribution,plotly_html,/Volumes/ssd/thesis_organization/ndb_ufes_data_organizer/docs/visualizations/generated/02b_taskiii_origin_count_percent.html,/Volumes/ssd/thesis_organization/ndb_ufes_data_organizer/data/ndb_ufes/origin_level/csvs/ndb-ufes.csv
Origin Task III Distribution,plotly_preview_png,/Volumes/ssd/thesis_organization/ndb_ufes_data_organizer/docs/assets/generated/plotly_previews/02b_taskiii_origin_count_percent.png,/Volumes/ssd/thesis_organization/ndb_ufes_data_organizer/data/ndb_ufes/origin_level/csvs/ndb-ufes.csv
Patch Task III Distribution,plotly_html,/Volumes/ssd/thesis_organization/ndb_ufes_data_organizer/docs/visualizations/generated/02b_taskiii_patch_count_percent.html,/Volumes/ssd/thesis_organization/ndb_ufes_data_organizer/data/ndb_ufes/patch/parcial_pndb_ufes.csv
Patch Task III Distribution,plotly_preview_png,/Volumes/ssd/thesis_organization/ndb_ufes_data_organizer/docs/assets/generated/plotly_previews/02b_taskiii_patch_count_percent.png,/Volumes/ssd/thesis_organization/ndb_ufes_data_organizer/data/ndb_ufes/patch/parcial_pndb_ufes.csv
Patch Task IV Distribution,plotly_html,/Volumes/ssd/thesis_organization/ndb_ufes_data_organizer/docs/visualizations/generated/02c_patch_taskiv_count_percent.html,/Volumes/ssd/thesis_organization/ndb_ufes_data_organizer/data/ndb_ufes/patch/parcial_pndb_ufes.csv
Patch Task IV Distribution,plotly_preview_png,/Volumes/ssd/thesis_organization/ndb_ufes_data_organizer/docs/assets/generated/plotly_previews/02c_patch_taskiv_count_percent.png,/Volumes/ssd/thesis_organization/ndb_ufes_data_organizer/data/ndb_ufes/patch/parcial_pndb_ufes.csv
Origin Task IV Distribution,plotly_html,/Volumes/ssd/thesis_organization/ndb_ufes_data_organizer/docs/visualizations/generated/02c_taskiv_origin_count_percent.html,/Volumes/ssd/thesis_organization/ndb_ufes_data_organizer/data/ndb_ufes/origin_level/csvs/ndb-ufes.csv
Origin Task IV Distribution,plotly_preview_png,/Volumes/ssd/thesis_organization/ndb_ufes_data_organizer/docs/assets/generated/plotly_previews/02c_taskiv_origin_count_percent.png,/Volumes/ssd/thesis_organization/ndb_ufes_data_organizer/data/ndb_ufes/origin_level/csvs/ndb-ufes.csv
Patch Task IV Distribution,plotly_html,/Volumes/ssd/thesis_organization/ndb_ufes_data_organizer/docs/visualizations/generated/02c_taskiv_patch_count_percent.html,/Volumes/ssd/thesis_organization/ndb_ufes_data_organizer/data/ndb_ufes/patch/parcial_pndb_ufes.csv
Patch Task IV Distribution,plotly_preview_png,/Volumes/ssd/thesis_organization/ndb_ufes_data_organizer/docs/assets/generated/plotly_previews/02c_taskiv_patch_count_percent.png,/Volumes/ssd/thesis_organization/ndb_ufes_data_organizer/data/ndb_ufes/patch/parcial_pndb_ufes.csv
Origin Age Group Distribution,plotly_html,/Volumes/ssd/thesis_organization/ndb_ufes_data_organizer/docs/visualizations/generated/03_origin_age_group_label_count_percent.html,/Volumes/ssd/thesis_organization/ndb_ufes_data_organizer/data/ndb_ufes/origin_level/csvs/ndb-ufes.csv
Origin Age Group Distribution,plotly_preview_png,/Volumes/ssd/thesis_organization/ndb_ufes_data_organizer/docs/assets/generated/plotly_previews/03_origin_age_group_label_count_percent.png,/Volumes/ssd/thesis_organization/ndb_ufes_data_organizer/data/ndb_ufes/origin_level/csvs/ndb-ufes.csv
Origin Alcohol Consumption Distribution,plotly_html,/Volumes/ssd/thesis_organization/ndb_ufes_data_organizer/docs/visualizations/generated/03_origin_alcohol_consumption_count_percent.html,/Volumes/ssd/thesis_organization/ndb_ufes_data_organizer/data/ndb_ufes/origin_level/csvs/ndb-ufes.csv
Origin Alcohol Consumption Distribution,plotly_preview_png,/Volumes/ssd/thesis_organization/ndb_ufes_data_organizer/docs/assets/generated/plotly_previews/03_origin_alcohol_consumption_count_percent.png,/Volumes/ssd/thesis_organization/ndb_ufes_data_organizer/data/ndb_ufes/origin_level/csvs/ndb-ufes.csv
Origin Dysplasia Severity Distribution,plotly_html,/Volumes/ssd/thesis_organization/ndb_ufes_data_organizer/docs/visualizations/generated/03_origin_dysplasia_severity_count_percent.html,/Volumes/ssd/thesis_organization/ndb_ufes_data_organizer/data/ndb_ufes/origin_level/csvs/ndb-ufes.csv
Origin Dysplasia Severity Distribution,plotly_preview_png,/Volumes/ssd/thesis_organization/ndb_ufes_data_organizer/docs/assets/generated/plotly_previews/03_origin_dysplasia_severity_count_percent.png,/Volumes/ssd/thesis_organization/ndb_ufes_data_organizer/data/ndb_ufes/origin_level/csvs/ndb-ufes.csv
Origin Gender Distribution,plotly_html,/Volumes/ssd/thesis_organization/ndb_ufes_data_organizer/docs/visualizations/generated/03_origin_gender_count_percent.html,/Volumes/ssd/thesis_organization/ndb_ufes_data_organizer/data/ndb_ufes/origin_level/csvs/ndb-ufes.csv
Origin Gender Distribution,plotly_preview_png,/Volumes/ssd/thesis_organization/ndb_ufes_data_organizer/docs/assets/generated/plotly_previews/03_origin_gender_count_percent.png,/Volumes/ssd/thesis_organization/ndb_ufes_data_organizer/data/ndb_ufes/origin_level/csvs/ndb-ufes.csv
Origin Localization Distribution,plotly_html,/Volumes/ssd/thesis_organization/ndb_ufes_data_organizer/docs/visualizations/generated/03_origin_localization_count_percent.html,/Volumes/ssd/thesis_organization/ndb_ufes_data_organizer/data/ndb_ufes/origin_level/csvs/ndb-ufes.csv
Origin Localization Distribution,plotly_preview_png,/Volumes/ssd/thesis_organization/ndb_ufes_data_organizer/docs/assets/generated/plotly_previews/03_origin_localization_count_percent.png,/Volumes/ssd/thesis_organization/ndb_ufes_data_organizer/data/ndb_ufes/origin_level/csvs/ndb-ufes.csv
Origin Skin Color Distribution,plotly_html,/Volumes/ssd/thesis_organization/ndb_ufes_data_organizer/docs/visualizations/generated/03_origin_skin_color_count_percent.html,/Volumes/ssd/thesis_organization/ndb_ufes_data_organizer/data/ndb_ufes/origin_level/csvs/ndb-ufes.csv
Origin Skin Color Distribution,plotly_preview_png,/Volumes/ssd/thesis_organization/ndb_ufes_data_organizer/docs/assets/generated/plotly_previews/03_origin_skin_color_count_percent.png,/Volumes/ssd/thesis_organization/ndb_ufes_data_organizer/data/ndb_ufes/origin_level/csvs/ndb-ufes.csv
Origin Sun Exposure Distribution,plotly_html,/Volumes/ssd/thesis_organization/ndb_ufes_data_organizer/docs/visualizations/generated/03_origin_sun_exposure_count_percent.html,/Volumes/ssd/thesis_organization/ndb_ufes_data_organizer/data/ndb_ufes/origin_level/csvs/ndb-ufes.csv
Origin Sun Exposure Distribution,plotly_preview_png,/Volumes/ssd/thesis_organization/ndb_ufes_data_organizer/docs/assets/generated/plotly_previews/03_origin_sun_exposure_count_percent.png,/Volumes/ssd/thesis_organization/ndb_ufes_data_organizer/data/ndb_ufes/origin_level/csvs/ndb-ufes.csv
Origin Tobacco Use Distribution,plotly_html,/Volumes/ssd/thesis_organization/ndb_ufes_data_organizer/docs/visualizations/generated/03_origin_tobacco_use_count_percent.html,/Volumes/ssd/thesis_organization/ndb_ufes_data_organizer/data/ndb_ufes/origin_level/csvs/ndb-ufes.csv
Origin Tobacco Use Distribution,plotly_preview_png,/Volumes/ssd/thesis_organization/ndb_ufes_data_organizer/docs/assets/generated/plotly_previews/03_origin_tobacco_use_count_percent.png,/Volumes/ssd/thesis_organization/ndb_ufes_data_organizer/data/ndb_ufes/origin_level/csvs/ndb-ufes.csv
Patch Age Group Distribution,plotly_html,/Volumes/ssd/thesis_organization/ndb_ufes_data_organizer/docs/visualizations/generated/03_patch_age_group_label_count_percent.html,/Volumes/ssd/thesis_organization/ndb_ufes_data_organizer/data/ndb_ufes/patch/parcial_pndb_ufes.csv
Patch Age Group Distribution,plotly_preview_png,/Volumes/ssd/thesis_organization/ndb_ufes_data_organizer/docs/assets/generated/plotly_previews/03_patch_age_group_label_count_percent.png,/Volumes/ssd/thesis_organization/ndb_ufes_data_organizer/data/ndb_ufes/patch/parcial_pndb_ufes.csv
Patch Alcohol Consumption Distribution,plotly_html,/Volumes/ssd/thesis_organization/ndb_ufes_data_organizer/docs/visualizations/generated/03_patch_alcohol_consumption_count_percent.html,/Volumes/ssd/thesis_organization/ndb_ufes_data_organizer/data/ndb_ufes/patch/parcial_pndb_ufes.csv
Patch Alcohol Consumption Distribution,plotly_preview_png,/Volumes/ssd/thesis_organization/ndb_ufes_data_organizer/docs/assets/generated/plotly_previews/03_patch_alcohol_consumption_count_percent.png,/Volumes/ssd/thesis_organization/ndb_ufes_data_organizer/data/ndb_ufes/patch/parcial_pndb_ufes.csv
Patch Dysplasia Severity Distribution,plotly_html,/Volumes/ssd/thesis_organization/ndb_ufes_data_organizer/docs/visualizations/generated/03_patch_dysplasia_severity_count_percent.html,/Volumes/ssd/thesis_organization/ndb_ufes_data_organizer/data/ndb_ufes/patch/parcial_pndb_ufes.csv
Patch Dysplasia Severity Distribution,plotly_preview_png,/Volumes/ssd/thesis_organization/ndb_ufes_data_organizer/docs/assets/generated/plotly_previews/03_patch_dysplasia_severity_count_percent.png,/Volumes/ssd/thesis_organization/ndb_ufes_data_organizer/data/ndb_ufes/patch/parcial_pndb_ufes.csv
Patch Gender Distribution,plotly_html,/Volumes/ssd/thesis_organization/ndb_ufes_data_organizer/docs/visualizations/generated/03_patch_gender_count_percent.html,/Volumes/ssd/thesis_organization/ndb_ufes_data_organizer/data/ndb_ufes/patch/parcial_pndb_ufes.csv
Patch Gender Distribution,plotly_preview_png,/Volumes/ssd/thesis_organization/ndb_ufes_data_organizer/docs/assets/generated/plotly_previews/03_patch_gender_count_percent.png,/Volumes/ssd/thesis_organization/ndb_ufes_data_organizer/data/ndb_ufes/patch/parcial_pndb_ufes.csv
Patch Localization Distribution,plotly_html,/Volumes/ssd/thesis_organization/ndb_ufes_data_organizer/docs/visualizations/generated/03_patch_localization_count_percent.html,/Volumes/ssd/thesis_organization/ndb_ufes_data_organizer/data/ndb_ufes/patch/parcial_pndb_ufes.csv
Patch Localization Distribution,plotly_preview_png,/Volumes/ssd/thesis_organization/ndb_ufes_data_organizer/docs/assets/generated/plotly_previews/03_patch_localization_count_percent.png,/Volumes/ssd/thesis_organization/ndb_ufes_data_organizer/data/ndb_ufes/patch/parcial_pndb_ufes.csv
Patch Skin Color Distribution,plotly_html,/Volumes/ssd/thesis_organization/ndb_ufes_data_organizer/docs/visualizations/generated/03_patch_skin_color_count_percent.html,/Volumes/ssd/thesis_organization/ndb_ufes_data_organizer/data/ndb_ufes/patch/parcial_pndb_ufes.csv
Patch Skin Color Distribution,plotly_preview_png,/Volumes/ssd/thesis_organization/ndb_ufes_data_organizer/docs/assets/generated/plotly_previews/03_patch_skin_color_count_percent.png,/Volumes/ssd/thesis_organization/ndb_ufes_data_organizer/data/ndb_ufes/patch/parcial_pndb_ufes.csv
Patch Sun Exposure Distribution,plotly_html,/Volumes/ssd/thesis_organization/ndb_ufes_data_organizer/docs/visualizations/generated/03_patch_sun_exposure_count_percent.html,/Volumes/ssd/thesis_organization/ndb_ufes_data_organizer/data/ndb_ufes/patch/parcial_pndb_ufes.csv
Patch Sun Exposure Distribution,plotly_preview_png,/Volumes/ssd/thesis_organization/ndb_ufes_data_organizer/docs/assets/generated/plotly_previews/03_patch_sun_exposure_count_percent.png,/Volumes/ssd/thesis_organization/ndb_ufes_data_organizer/data/ndb_ufes/patch/parcial_pndb_ufes.csv
Patch Tobacco Use Distribution,plotly_html,/Volumes/ssd/thesis_organization/ndb_ufes_data_organizer/docs/visualizations/generated/03_patch_tobacco_use_count_percent.html,/Volumes/ssd/thesis_organization/ndb_ufes_data_organizer/data/ndb_ufes/patch/parcial_pndb_ufes.csv
Patch Tobacco Use Distribution,plotly_preview_png,/Volumes/ssd/thesis_organization/ndb_ufes_data_organizer/docs/assets/generated/plotly_previews/03_patch_tobacco_use_count_percent.png,/Volumes/ssd/thesis_organization/ndb_ufes_data_organizer/data/ndb_ufes/patch/parcial_pndb_ufes.csv
Origin Missing And Not-Informed Rates,plotly_html,/Volumes/ssd/thesis_organization/ndb_ufes_data_organizer/docs/visualizations/generated/04a_origin_missing_not_informed_rates.html,/Volumes/ssd/thesis_organization/ndb_ufes_data_organizer/data/ndb_ufes/origin_level/csvs/ndb-ufes.csv
Origin Missing And Not-Informed Rates,plotly_preview_png,/Volumes/ssd/thesis_organization/ndb_ufes_data_organizer/docs/assets/generated/plotly_previews/04a_origin_missing_not_informed_rates.png,/Volumes/ssd/thesis_organization/ndb_ufes_data_organizer/data/ndb_ufes/origin_level/csvs/ndb-ufes.csv
Patch Missing And Not-Informed Rates,plotly_html,/Volumes/ssd/thesis_organization/ndb_ufes_data_organizer/docs/visualizations/generated/04b_patch_missing_not_informed_rates.html,/Volumes/ssd/thesis_organization/ndb_ufes_data_organizer/data/ndb_ufes/patch/parcial_pndb_ufes.csv
Patch Missing And Not-Informed Rates,plotly_preview_png,/Volumes/ssd/thesis_organization/ndb_ufes_data_organizer/docs/assets/generated/plotly_previews/04b_patch_missing_not_informed_rates.png,/Volumes/ssd/thesis_organization/ndb_ufes_data_organizer/data/ndb_ufes/patch/parcial_pndb_ufes.csv
Origin Age Group Distribution,plotly_html,/Volumes/ssd/thesis_organization/ndb_ufes_data_organizer/docs/visualizations/generated/05a_origin_age_group_count_percent.html,/Volumes/ssd/thesis_organization/ndb_ufes_data_organizer/data/ndb_ufes/origin_level/csvs/ndb-ufes.csv
Origin Age Group Distribution,plotly_preview_png,/Volumes/ssd/thesis_organization/ndb_ufes_data_organizer/docs/assets/generated/plotly_previews/05a_origin_age_group_count_percent.png,/Volumes/ssd/thesis_organization/ndb_ufes_data_organizer/data/ndb_ufes/origin_level/csvs/ndb-ufes.csv
Patch Age Group Distribution,plotly_html,/Volumes/ssd/thesis_organization/ndb_ufes_data_organizer/docs/visualizations/generated/05a_patch_age_group_count_percent.html,/Volumes/ssd/thesis_organization/ndb_ufes_data_organizer/data/ndb_ufes/patch/parcial_pndb_ufes.csv
Patch Age Group Distribution,plotly_preview_png,/Volumes/ssd/thesis_organization/ndb_ufes_data_organizer/docs/assets/generated/plotly_previews/05a_patch_age_group_count_percent.png,/Volumes/ssd/thesis_organization/ndb_ufes_data_organizer/data/ndb_ufes/patch/parcial_pndb_ufes.csv
Origin Age Group Distribution For Diagnosis Review,plotly_html,/Volumes/ssd/thesis_organization/ndb_ufes_data_organizer/docs/visualizations/generated/05b_origin_age_group_count_percent.html,/Volumes/ssd/thesis_organization/ndb_ufes_data_organizer/data/ndb_ufes/origin_level/csvs/ndb-ufes.csv
Origin Age Group Distribution For Diagnosis Review,plotly_preview_png,/Volumes/ssd/thesis_organization/ndb_ufes_data_organizer/docs/assets/generated/plotly_previews/05b_origin_age_group_count_percent.png,/Volumes/ssd/thesis_organization/ndb_ufes_data_organizer/data/ndb_ufes/origin_level/csvs/ndb-ufes.csv
Patch Age Group Distribution For Diagnosis Review,plotly_html,/Volumes/ssd/thesis_organization/ndb_ufes_data_organizer/docs/visualizations/generated/05b_patch_age_group_count_percent.html,/Volumes/ssd/thesis_organization/ndb_ufes_data_organizer/data/ndb_ufes/patch/parcial_pndb_ufes.csv
Patch Age Group Distribution For Diagnosis Review,plotly_preview_png,/Volumes/ssd/thesis_organization/ndb_ufes_data_organizer/docs/assets/generated/plotly_previews/05b_patch_age_group_count_percent.png,/Volumes/ssd/thesis_organization/ndb_ufes_data_organizer/data/ndb_ufes/patch/parcial_pndb_ufes.csv
Origin Diagnosis By Age Group: Row Percentages,plotly_html,/Volumes/ssd/thesis_organization/ndb_ufes_data_organizer/docs/visualizations/generated/06_diagnosis_by_age_group_row_percent.html,/Volumes/ssd/thesis_organization/ndb_ufes_data_organizer/data/ndb_ufes/origin_level/csvs/ndb-ufes.csv
Origin Diagnosis By Age Group: Row Percentages,plotly_preview_png,/Volumes/ssd/thesis_organization/ndb_ufes_data_organizer/docs/assets/generated/plotly_previews/06_diagnosis_by_age_group_row_percent.png,/Volumes/ssd/thesis_organization/ndb_ufes_data_organizer/data/ndb_ufes/origin_level/csvs/ndb-ufes.csv
Patch Diagnosis By Age Group: Row Percentages,plotly_html,/Volumes/ssd/thesis_organization/ndb_ufes_data_organizer/docs/visualizations/generated/06a_diagnosis_by_age_group_row_percent.html,/Volumes/ssd/thesis_organization/ndb_ufes_data_organizer/data/ndb_ufes/patch/parcial_pndb_ufes.csv
Patch Diagnosis By Age Group: Row Percentages,plotly_preview_png,/Volumes/ssd/thesis_organization/ndb_ufes_data_organizer/docs/assets/generated/plotly_previews/06a_diagnosis_by_age_group_row_percent.png,/Volumes/ssd/thesis_organization/ndb_ufes_data_organizer/data/ndb_ufes/patch/parcial_pndb_ufes.csv
Diagnosis By Age Group: Column Percentages,plotly_html,/Volumes/ssd/thesis_organization/ndb_ufes_data_organizer/docs/visualizations/generated/06b_diagnosis_by_age_group_column_percent.html,/Volumes/ssd/thesis_organization/ndb_ufes_data_organizer/data/ndb_ufes/origin_level/csvs/ndb-ufes.csv
Diagnosis By Age Group: Column Percentages,plotly_preview_png,/Volumes/ssd/thesis_organization/ndb_ufes_data_organizer/docs/assets/generated/plotly_previews/06b_diagnosis_by_age_group_column_percent.png,/Volumes/ssd/thesis_organization/ndb_ufes_data_organizer/data/ndb_ufes/origin_level/csvs/ndb-ufes.csv
Origin Diagnosis By Alcohol Consumption,plotly_html,/Volumes/ssd/thesis_organization/ndb_ufes_data_organizer/docs/visualizations/generated/07_origin_diagnosis_by_alcohol_consumption_row_percent.html,/Volumes/ssd/thesis_organization/ndb_ufes_data_organizer/data/ndb_ufes/origin_level/csvs/ndb-ufes.csv
Origin Diagnosis By Alcohol Consumption,plotly_preview_png,/Volumes/ssd/thesis_organization/ndb_ufes_data_organizer/docs/assets/generated/plotly_previews/07_origin_diagnosis_by_alcohol_consumption_row_percent.png,/Volumes/ssd/thesis_organization/ndb_ufes_data_organizer/data/ndb_ufes/origin_level/csvs/ndb-ufes.csv
Origin Diagnosis By Gender,plotly_html,/Volumes/ssd/thesis_organization/ndb_ufes_data_organizer/docs/visualizations/generated/07_origin_diagnosis_by_gender_row_percent.html,/Volumes/ssd/thesis_organization/ndb_ufes_data_organizer/data/ndb_ufes/origin_level/csvs/ndb-ufes.csv
Origin Diagnosis By Gender,plotly_preview_png,/Volumes/ssd/thesis_organization/ndb_ufes_data_organizer/docs/assets/generated/plotly_previews/07_origin_diagnosis_by_gender_row_percent.png,/Volumes/ssd/thesis_organization/ndb_ufes_data_organizer/data/ndb_ufes/origin_level/csvs/ndb-ufes.csv
Origin Diagnosis By Localization,plotly_html,/Volumes/ssd/thesis_organization/ndb_ufes_data_organizer/docs/visualizations/generated/07_origin_diagnosis_by_localization_row_percent.html,/Volumes/ssd/thesis_organization/ndb_ufes_data_organizer/data/ndb_ufes/origin_level/csvs/ndb-ufes.csv
Origin Diagnosis By Localization,plotly_preview_png,/Volumes/ssd/thesis_organization/ndb_ufes_data_organizer/docs/assets/generated/plotly_previews/07_origin_diagnosis_by_localization_row_percent.png,/Volumes/ssd/thesis_organization/ndb_ufes_data_organizer/data/ndb_ufes/origin_level/csvs/ndb-ufes.csv
Origin Diagnosis By Skin Color,plotly_html,/Volumes/ssd/thesis_organization/ndb_ufes_data_organizer/docs/visualizations/generated/07_origin_diagnosis_by_skin_color_row_percent.html,/Volumes/ssd/thesis_organization/ndb_ufes_data_organizer/data/ndb_ufes/origin_level/csvs/ndb-ufes.csv
Origin Diagnosis By Skin Color,plotly_preview_png,/Volumes/ssd/thesis_organization/ndb_ufes_data_organizer/docs/assets/generated/plotly_previews/07_origin_diagnosis_by_skin_color_row_percent.png,/Volumes/ssd/thesis_organization/ndb_ufes_data_organizer/data/ndb_ufes/origin_level/csvs/ndb-ufes.csv
Origin Diagnosis By Sun Exposure,plotly_html,/Volumes/ssd/thesis_organization/ndb_ufes_data_organizer/docs/visualizations/generated/07_origin_diagnosis_by_sun_exposure_row_percent.html,/Volumes/ssd/thesis_organization/ndb_ufes_data_organizer/data/ndb_ufes/origin_level/csvs/ndb-ufes.csv
Origin Diagnosis By Sun Exposure,plotly_preview_png,/Volumes/ssd/thesis_organization/ndb_ufes_data_organizer/docs/assets/generated/plotly_previews/07_origin_diagnosis_by_sun_exposure_row_percent.png,/Volumes/ssd/thesis_organization/ndb_ufes_data_organizer/data/ndb_ufes/origin_level/csvs/ndb-ufes.csv
Origin Diagnosis By Tobacco Use,plotly_html,/Volumes/ssd/thesis_organization/ndb_ufes_data_organizer/docs/visualizations/generated/07_origin_diagnosis_by_tobacco_use_row_percent.html,/Volumes/ssd/thesis_organization/ndb_ufes_data_organizer/data/ndb_ufes/origin_level/csvs/ndb-ufes.csv
Origin Diagnosis By Tobacco Use,plotly_preview_png,/Volumes/ssd/thesis_organization/ndb_ufes_data_organizer/docs/assets/generated/plotly_previews/07_origin_diagnosis_by_tobacco_use_row_percent.png,/Volumes/ssd/thesis_organization/ndb_ufes_data_organizer/data/ndb_ufes/origin_level/csvs/ndb-ufes.csv
Patch Diagnosis By Alcohol Consumption,plotly_html,/Volumes/ssd/thesis_organization/ndb_ufes_data_organizer/docs/visualizations/generated/07_patch_diagnosis_by_alcohol_consumption_row_percent.html,/Volumes/ssd/thesis_organization/ndb_ufes_data_organizer/data/ndb_ufes/patch/parcial_pndb_ufes.csv
Patch Diagnosis By Alcohol Consumption,plotly_preview_png,/Volumes/ssd/thesis_organization/ndb_ufes_data_organizer/docs/assets/generated/plotly_previews/07_patch_diagnosis_by_alcohol_consumption_row_percent.png,/Volumes/ssd/thesis_organization/ndb_ufes_data_organizer/data/ndb_ufes/patch/parcial_pndb_ufes.csv
Patch Diagnosis By Gender,plotly_html,/Volumes/ssd/thesis_organization/ndb_ufes_data_organizer/docs/visualizations/generated/07_patch_diagnosis_by_gender_row_percent.html,/Volumes/ssd/thesis_organization/ndb_ufes_data_organizer/data/ndb_ufes/patch/parcial_pndb_ufes.csv
Patch Diagnosis By Gender,plotly_preview_png,/Volumes/ssd/thesis_organization/ndb_ufes_data_organizer/docs/assets/generated/plotly_previews/07_patch_diagnosis_by_gender_row_percent.png,/Volumes/ssd/thesis_organization/ndb_ufes_data_organizer/data/ndb_ufes/patch/parcial_pndb_ufes.csv
Patch Diagnosis By Localization,plotly_html,/Volumes/ssd/thesis_organization/ndb_ufes_data_organizer/docs/visualizations/generated/07_patch_diagnosis_by_localization_row_percent.html,/Volumes/ssd/thesis_organization/ndb_ufes_data_organizer/data/ndb_ufes/patch/parcial_pndb_ufes.csv
Patch Diagnosis By Localization,plotly_preview_png,/Volumes/ssd/thesis_organization/ndb_ufes_data_organizer/docs/assets/generated/plotly_previews/07_patch_diagnosis_by_localization_row_percent.png,/Volumes/ssd/thesis_organization/ndb_ufes_data_organizer/data/ndb_ufes/patch/parcial_pndb_ufes.csv
Patch Diagnosis By Skin Color,plotly_html,/Volumes/ssd/thesis_organization/ndb_ufes_data_organizer/docs/visualizations/generated/07_patch_diagnosis_by_skin_color_row_percent.html,/Volumes/ssd/thesis_organization/ndb_ufes_data_organizer/data/ndb_ufes/patch/parcial_pndb_ufes.csv
Patch Diagnosis By Skin Color,plotly_preview_png,/Volumes/ssd/thesis_organization/ndb_ufes_data_organizer/docs/assets/generated/plotly_previews/07_patch_diagnosis_by_skin_color_row_percent.png,/Volumes/ssd/thesis_organization/ndb_ufes_data_organizer/data/ndb_ufes/patch/parcial_pndb_ufes.csv
Patch Diagnosis By Sun Exposure,plotly_html,/Volumes/ssd/thesis_organization/ndb_ufes_data_organizer/docs/visualizations/generated/07_patch_diagnosis_by_sun_exposure_row_percent.html,/Volumes/ssd/thesis_organization/ndb_ufes_data_organizer/data/ndb_ufes/patch/parcial_pndb_ufes.csv
Patch Diagnosis By Sun Exposure,plotly_preview_png,/Volumes/ssd/thesis_organization/ndb_ufes_data_organizer/docs/assets/generated/plotly_previews/07_patch_diagnosis_by_sun_exposure_row_percent.png,/Volumes/ssd/thesis_organization/ndb_ufes_data_organizer/data/ndb_ufes/patch/parcial_pndb_ufes.csv
Patch Diagnosis By Tobacco Use,plotly_html,/Volumes/ssd/thesis_organization/ndb_ufes_data_organizer/docs/visualizations/generated/07_patch_diagnosis_by_tobacco_use_row_percent.html,/Volumes/ssd/thesis_organization/ndb_ufes_data_organizer/data/ndb_ufes/patch/parcial_pndb_ufes.csv
Patch Diagnosis By Tobacco Use,plotly_preview_png,/Volumes/ssd/thesis_organization/ndb_ufes_data_organizer/docs/assets/generated/plotly_previews/07_patch_diagnosis_by_tobacco_use_row_percent.png,/Volumes/ssd/thesis_organization/ndb_ufes_data_organizer/data/ndb_ufes/patch/parcial_pndb_ufes.csv
Categorical Variable Association By Cramer's V,plotly_html,/Volumes/ssd/thesis_organization/ndb_ufes_data_organizer/docs/visualizations/generated/08_categorical_association_cramers_v.html,/Volumes/ssd/thesis_organization/ndb_ufes_data_organizer/results/dataset_statistics/categorical_association_cramers_v.csv
Categorical Variable Association By Cramer's V,plotly_preview_png,/Volumes/ssd/thesis_organization/ndb_ufes_data_organizer/docs/assets/generated/plotly_previews/08_categorical_association_cramers_v.png,/Volumes/ssd/thesis_organization/ndb_ufes_data_organizer/results/dataset_statistics/categorical_association_cramers_v.csv
Lesion Size Distribution,plotly_html,/Volumes/ssd/thesis_organization/ndb_ufes_data_organizer/docs/visualizations/generated/09_larger_size_histogram_count_percent.html,/Volumes/ssd/thesis_organization/ndb_ufes_data_organizer/data/ndb_ufes/patch/parcial_pndb_ufes.csv
Lesion Size Distribution,plotly_preview_png,/Volumes/ssd/thesis_organization/ndb_ufes_data_organizer/docs/assets/generated/plotly_previews/09_larger_size_histogram_count_percent.png,/Volumes/ssd/thesis_organization/ndb_ufes_data_organizer/data/ndb_ufes/patch/parcial_pndb_ufes.csv
Lesion Size By Diagnosis,plotly_html,/Volumes/ssd/thesis_organization/ndb_ufes_data_organizer/docs/visualizations/generated/10_lesion_size_by_diagnosis.html,/Volumes/ssd/thesis_organization/ndb_ufes_data_organizer/data/ndb_ufes/patch/parcial_pndb_ufes.csv
Lesion Size By Diagnosis,plotly_preview_png,/Volumes/ssd/thesis_organization/ndb_ufes_data_organizer/docs/assets/generated/plotly_previews/10_lesion_size_by_diagnosis.png,/Volumes/ssd/thesis_organization/ndb_ufes_data_organizer/data/ndb_ufes/patch/parcial_pndb_ufes.csv
Phase 2 model selection,docs_png,/Volumes/ssd/thesis_organization/ndb_ufes_data_organizer/docs/assets/generated/phase2_model_selection.png,/Volumes/ssd/thesis_organization/ndb_ufes_data_organizer/results/phase2_tuning/phase2_model_selection.csv
Phase 2 model selection,thesis_png,/Volumes/ssd/thesis_organization/ndb_ufes_data_organizer/results/thesis_figures/phase2_model_selection.png,/Volumes/ssd/thesis_organization/ndb_ufes_data_organizer/results/phase2_tuning/phase2_model_selection.csv
Phase 2 model selection,thesis_svg,/Volumes/ssd/thesis_organization/ndb_ufes_data_organizer/results/thesis_figures/phase2_model_selection.svg,/Volumes/ssd/thesis_organization/ndb_ufes_data_organizer/results/phase2_tuning/phase2_model_selection.csv
Phase 2 model selection,thesis_pdf,/Volumes/ssd/thesis_organization/ndb_ufes_data_organizer/results/thesis_figures/phase2_model_selection.pdf,/Volumes/ssd/thesis_organization/ndb_ufes_data_organizer/results/phase2_tuning/phase2_model_selection.csv
Phase 2 model selection,plotly_html,/Volumes/ssd/thesis_organization/ndb_ufes_data_organizer/docs/visualizations/generated/phase2_model_selection.html,/Volumes/ssd/thesis_organization/ndb_ufes_data_organizer/results/phase2_tuning/phase2_model_selection.csv
Phase 2 model selection,plotly_preview_png,/Volumes/ssd/thesis_organization/ndb_ufes_data_organizer/docs/assets/generated/plotly_previews/phase2_model_selection.png,/Volumes/ssd/thesis_organization/ndb_ufes_data_organizer/results/phase2_tuning/phase2_model_selection.csv
Virchow: Elbow Curve,plotly_html,/Volumes/ssd/thesis_organization/ndb_ufes_data_organizer/docs/visualizations/generated/phase2_elbow_virchow.html,/Volumes/ssd/thesis_organization/ndb_ufes_data_organizer/results/phase2_tuning/phase2_all_results_virchow_averaged.csv
Virchow: Elbow Curve,plotly_preview_png,/Volumes/ssd/thesis_organization/ndb_ufes_data_organizer/docs/assets/generated/plotly_previews/phase2_elbow_virchow.png,/Volumes/ssd/thesis_organization/ndb_ufes_data_organizer/results/phase2_tuning/phase2_all_results_virchow_averaged.csv
Virchow: Inertia By PCA Components,plotly_html,/Volumes/ssd/thesis_organization/ndb_ufes_data_organizer/docs/visualizations/generated/phase2_inertia_by_pca_virchow.html,/Volumes/ssd/thesis_organization/ndb_ufes_data_organizer/results/phase2_tuning/phase2_all_results_virchow_averaged.csv
Virchow: Inertia By PCA Components,plotly_preview_png,/Volumes/ssd/thesis_organization/ndb_ufes_data_organizer/docs/assets/generated/plotly_previews/phase2_inertia_by_pca_virchow.png,/Volumes/ssd/thesis_organization/ndb_ufes_data_organizer/results/phase2_tuning/phase2_all_results_virchow_averaged.csv
Virchow: Silhouette By K,plotly_html,/Volumes/ssd/thesis_organization/ndb_ufes_data_organizer/docs/visualizations/generated/phase2_silhouette_by_k_virchow.html,/Volumes/ssd/thesis_organization/ndb_ufes_data_organizer/results/phase2_tuning/phase2_all_results_virchow_averaged.csv
Virchow: Silhouette By K,plotly_preview_png,/Volumes/ssd/thesis_organization/ndb_ufes_data_organizer/docs/assets/generated/plotly_previews/phase2_silhouette_by_k_virchow.png,/Volumes/ssd/thesis_organization/ndb_ufes_data_organizer/results/phase2_tuning/phase2_all_results_virchow_averaged.csv
Virchow: Silhouette Heatmap,plotly_html,/Volumes/ssd/thesis_organization/ndb_ufes_data_organizer/docs/visualizations/generated/phase2_silhouette_heatmap_virchow.html,/Volumes/ssd/thesis_organization/ndb_ufes_data_organizer/results/phase2_tuning/phase2_all_results_virchow_averaged.csv
Virchow: Silhouette Heatmap,plotly_preview_png,/Volumes/ssd/thesis_organization/ndb_ufes_data_organizer/docs/assets/generated/plotly_previews/phase2_silhouette_heatmap_virchow.png,/Volumes/ssd/thesis_organization/ndb_ufes_data_organizer/results/phase2_tuning/phase2_all_results_virchow_averaged.csv
Virchow: Top 10 Configurations,plotly_html,/Volumes/ssd/thesis_organization/ndb_ufes_data_organizer/docs/visualizations/generated/phase2_top10_configurations_virchow.html,/Volumes/ssd/thesis_organization/ndb_ufes_data_organizer/results/phase2_tuning/phase2_all_results_virchow_averaged.csv
Virchow: Top 10 Configurations,plotly_preview_png,/Volumes/ssd/thesis_organization/ndb_ufes_data_organizer/docs/assets/generated/plotly_previews/phase2_top10_configurations_virchow.png,/Volumes/ssd/thesis_organization/ndb_ufes_data_organizer/results/phase2_tuning/phase2_all_results_virchow_averaged.csv
MoCo v3 ViT Small: Elbow Curve,plotly_html,/Volumes/ssd/thesis_organization/ndb_ufes_data_organizer/docs/visualizations/generated/phase2_elbow_mocov3_vit_small.html,/Volumes/ssd/thesis_organization/ndb_ufes_data_organizer/results/phase2_tuning/phase2_all_results_mocov3_vit_small_averaged.csv
MoCo v3 ViT Small: Elbow Curve,plotly_preview_png,/Volumes/ssd/thesis_organization/ndb_ufes_data_organizer/docs/assets/generated/plotly_previews/phase2_elbow_mocov3_vit_small.png,/Volumes/ssd/thesis_organization/ndb_ufes_data_organizer/results/phase2_tuning/phase2_all_results_mocov3_vit_small_averaged.csv
MoCo v3 ViT Small: Inertia By PCA Components,plotly_html,/Volumes/ssd/thesis_organization/ndb_ufes_data_organizer/docs/visualizations/generated/phase2_inertia_by_pca_mocov3_vit_small.html,/Volumes/ssd/thesis_organization/ndb_ufes_data_organizer/results/phase2_tuning/phase2_all_results_mocov3_vit_small_averaged.csv
MoCo v3 ViT Small: Inertia By PCA Components,plotly_preview_png,/Volumes/ssd/thesis_organization/ndb_ufes_data_organizer/docs/assets/generated/plotly_previews/phase2_inertia_by_pca_mocov3_vit_small.png,/Volumes/ssd/thesis_organization/ndb_ufes_data_organizer/results/phase2_tuning/phase2_all_results_mocov3_vit_small_averaged.csv
MoCo v3 ViT Small: Silhouette By K,plotly_html,/Volumes/ssd/thesis_organization/ndb_ufes_data_organizer/docs/visualizations/generated/phase2_silhouette_by_k_mocov3_vit_small.html,/Volumes/ssd/thesis_organization/ndb_ufes_data_organizer/results/phase2_tuning/phase2_all_results_mocov3_vit_small_averaged.csv
MoCo v3 ViT Small: Silhouette By K,plotly_preview_png,/Volumes/ssd/thesis_organization/ndb_ufes_data_organizer/docs/assets/generated/plotly_previews/phase2_silhouette_by_k_mocov3_vit_small.png,/Volumes/ssd/thesis_organization/ndb_ufes_data_organizer/results/phase2_tuning/phase2_all_results_mocov3_vit_small_averaged.csv
MoCo v3 ViT Small: Silhouette Heatmap,plotly_html,/Volumes/ssd/thesis_organization/ndb_ufes_data_organizer/docs/visualizations/generated/phase2_silhouette_heatmap_mocov3_vit_small.html,/Volumes/ssd/thesis_organization/ndb_ufes_data_organizer/results/phase2_tuning/phase2_all_results_mocov3_vit_small_averaged.csv
MoCo v3 ViT Small: Silhouette Heatmap,plotly_preview_png,/Volumes/ssd/thesis_organization/ndb_ufes_data_organizer/docs/assets/generated/plotly_previews/phase2_silhouette_heatmap_mocov3_vit_small.png,/Volumes/ssd/thesis_organization/ndb_ufes_data_organizer/results/phase2_tuning/phase2_all_results_mocov3_vit_small_averaged.csv
MoCo v3 ViT Small: Top 10 Configurations,plotly_html,/Volumes/ssd/thesis_organization/ndb_ufes_data_organizer/docs/visualizations/generated/phase2_top10_configurations_mocov3_vit_small.html,/Volumes/ssd/thesis_organization/ndb_ufes_data_organizer/results/phase2_tuning/phase2_all_results_mocov3_vit_small_averaged.csv
MoCo v3 ViT Small: Top 10 Configurations,plotly_preview_png,/Volumes/ssd/thesis_organization/ndb_ufes_data_organizer/docs/assets/generated/plotly_previews/phase2_top10_configurations_mocov3_vit_small.png,/Volumes/ssd/thesis_organization/ndb_ufes_data_organizer/results/phase2_tuning/phase2_all_results_mocov3_vit_small_averaged.csv
EfficientNet B0: Elbow Curve,plotly_html,/Volumes/ssd/thesis_organization/ndb_ufes_data_organizer/docs/visualizations/generated/phase2_elbow_efficientnet_b0.html,/Volumes/ssd/thesis_organization/ndb_ufes_data_organizer/results/phase2_tuning/phase2_all_results_efficientnet_b0_averaged.csv
EfficientNet B0: Elbow Curve,plotly_preview_png,/Volumes/ssd/thesis_organization/ndb_ufes_data_organizer/docs/assets/generated/plotly_previews/phase2_elbow_efficientnet_b0.png,/Volumes/ssd/thesis_organization/ndb_ufes_data_organizer/results/phase2_tuning/phase2_all_results_efficientnet_b0_averaged.csv
EfficientNet B0: Inertia By PCA Components,plotly_html,/Volumes/ssd/thesis_organization/ndb_ufes_data_organizer/docs/visualizations/generated/phase2_inertia_by_pca_efficientnet_b0.html,/Volumes/ssd/thesis_organization/ndb_ufes_data_organizer/results/phase2_tuning/phase2_all_results_efficientnet_b0_averaged.csv
EfficientNet B0: Inertia By PCA Components,plotly_preview_png,/Volumes/ssd/thesis_organization/ndb_ufes_data_organizer/docs/assets/generated/plotly_previews/phase2_inertia_by_pca_efficientnet_b0.png,/Volumes/ssd/thesis_organization/ndb_ufes_data_organizer/results/phase2_tuning/phase2_all_results_efficientnet_b0_averaged.csv
EfficientNet B0: Silhouette By K,plotly_html,/Volumes/ssd/thesis_organization/ndb_ufes_data_organizer/docs/visualizations/generated/phase2_silhouette_by_k_efficientnet_b0.html,/Volumes/ssd/thesis_organization/ndb_ufes_data_organizer/results/phase2_tuning/phase2_all_results_efficientnet_b0_averaged.csv
EfficientNet B0: Silhouette By K,plotly_preview_png,/Volumes/ssd/thesis_organization/ndb_ufes_data_organizer/docs/assets/generated/plotly_previews/phase2_silhouette_by_k_efficientnet_b0.png,/Volumes/ssd/thesis_organization/ndb_ufes_data_organizer/results/phase2_tuning/phase2_all_results_efficientnet_b0_averaged.csv
EfficientNet B0: Silhouette Heatmap,plotly_html,/Volumes/ssd/thesis_organization/ndb_ufes_data_organizer/docs/visualizations/generated/phase2_silhouette_heatmap_efficientnet_b0.html,/Volumes/ssd/thesis_organization/ndb_ufes_data_organizer/results/phase2_tuning/phase2_all_results_efficientnet_b0_averaged.csv
EfficientNet B0: Silhouette Heatmap,plotly_preview_png,/Volumes/ssd/thesis_organization/ndb_ufes_data_organizer/docs/assets/generated/plotly_previews/phase2_silhouette_heatmap_efficientnet_b0.png,/Volumes/ssd/thesis_organization/ndb_ufes_data_organizer/results/phase2_tuning/phase2_all_results_efficientnet_b0_averaged.csv
EfficientNet B0: Top 10 Configurations,plotly_html,/Volumes/ssd/thesis_organization/ndb_ufes_data_organizer/docs/visualizations/generated/phase2_top10_configurations_efficientnet_b0.html,/Volumes/ssd/thesis_organization/ndb_ufes_data_organizer/results/phase2_tuning/phase2_all_results_efficientnet_b0_averaged.csv
EfficientNet B0: Top 10 Configurations,plotly_preview_png,/Volumes/ssd/thesis_organization/ndb_ufes_data_organizer/docs/assets/generated/plotly_previews/phase2_top10_configurations_efficientnet_b0.png,/Volumes/ssd/thesis_organization/ndb_ufes_data_organizer/results/phase2_tuning/phase2_all_results_efficientnet_b0_averaged.csv
DeiT Base Patch 16 224: Elbow Curve,plotly_html,/Volumes/ssd/thesis_organization/ndb_ufes_data_organizer/docs/visualizations/generated/phase2_elbow_deit_base_patch16_224.html,/Volumes/ssd/thesis_organization/ndb_ufes_data_organizer/results/phase2_tuning/phase2_all_results_deit_base_patch16_224_averaged.csv
DeiT Base Patch 16 224: Elbow Curve,plotly_preview_png,/Volumes/ssd/thesis_organization/ndb_ufes_data_organizer/docs/assets/generated/plotly_previews/phase2_elbow_deit_base_patch16_224.png,/Volumes/ssd/thesis_organization/ndb_ufes_data_organizer/results/phase2_tuning/phase2_all_results_deit_base_patch16_224_averaged.csv
DeiT Base Patch 16 224: Inertia By PCA Components,plotly_html,/Volumes/ssd/thesis_organization/ndb_ufes_data_organizer/docs/visualizations/generated/phase2_inertia_by_pca_deit_base_patch16_224.html,/Volumes/ssd/thesis_organization/ndb_ufes_data_organizer/results/phase2_tuning/phase2_all_results_deit_base_patch16_224_averaged.csv
DeiT Base Patch 16 224: Inertia By PCA Components,plotly_preview_png,/Volumes/ssd/thesis_organization/ndb_ufes_data_organizer/docs/assets/generated/plotly_previews/phase2_inertia_by_pca_deit_base_patch16_224.png,/Volumes/ssd/thesis_organization/ndb_ufes_data_organizer/results/phase2_tuning/phase2_all_results_deit_base_patch16_224_averaged.csv
DeiT Base Patch 16 224: Silhouette By K,plotly_html,/Volumes/ssd/thesis_organization/ndb_ufes_data_organizer/docs/visualizations/generated/phase2_silhouette_by_k_deit_base_patch16_224.html,/Volumes/ssd/thesis_organization/ndb_ufes_data_organizer/results/phase2_tuning/phase2_all_results_deit_base_patch16_224_averaged.csv
DeiT Base Patch 16 224: Silhouette By K,plotly_preview_png,/Volumes/ssd/thesis_organization/ndb_ufes_data_organizer/docs/assets/generated/plotly_previews/phase2_silhouette_by_k_deit_base_patch16_224.png,/Volumes/ssd/thesis_organization/ndb_ufes_data_organizer/results/phase2_tuning/phase2_all_results_deit_base_patch16_224_averaged.csv
DeiT Base Patch 16 224: Silhouette Heatmap,plotly_html,/Volumes/ssd/thesis_organization/ndb_ufes_data_organizer/docs/visualizations/generated/phase2_silhouette_heatmap_deit_base_patch16_224.html,/Volumes/ssd/thesis_organization/ndb_ufes_data_organizer/results/phase2_tuning/phase2_all_results_deit_base_patch16_224_averaged.csv
DeiT Base Patch 16 224: Silhouette Heatmap,plotly_preview_png,/Volumes/ssd/thesis_organization/ndb_ufes_data_organizer/docs/assets/generated/plotly_previews/phase2_silhouette_heatmap_deit_base_patch16_224.png,/Volumes/ssd/thesis_organization/ndb_ufes_data_organizer/results/phase2_tuning/phase2_all_results_deit_base_patch16_224_averaged.csv
DeiT Base Patch 16 224: Top 10 Configurations,plotly_html,/Volumes/ssd/thesis_organization/ndb_ufes_data_organizer/docs/visualizations/generated/phase2_top10_configurations_deit_base_patch16_224.html,/Volumes/ssd/thesis_organization/ndb_ufes_data_organizer/results/phase2_tuning/phase2_all_results_deit_base_patch16_224_averaged.csv
DeiT Base Patch 16 224: Top 10 Configurations,plotly_preview_png,/Volumes/ssd/thesis_organization/ndb_ufes_data_organizer/docs/assets/generated/plotly_previews/phase2_top10_configurations_deit_base_patch16_224.png,/Volumes/ssd/thesis_organization/ndb_ufes_data_organizer/results/phase2_tuning/phase2_all_results_deit_base_patch16_224_averaged.csv
ViT Large Patch 16 224: Elbow Curve,plotly_html,/Volumes/ssd/thesis_organization/ndb_ufes_data_organizer/docs/visualizations/generated/phase2_elbow_vit_large_patch16_224.html,/Volumes/ssd/thesis_organization/ndb_ufes_data_organizer/results/phase2_tuning/phase2_all_results_vit_large_patch16_224_averaged.csv
ViT Large Patch 16 224: Elbow Curve,plotly_preview_png,/Volumes/ssd/thesis_organization/ndb_ufes_data_organizer/docs/assets/generated/plotly_previews/phase2_elbow_vit_large_patch16_224.png,/Volumes/ssd/thesis_organization/ndb_ufes_data_organizer/results/phase2_tuning/phase2_all_results_vit_large_patch16_224_averaged.csv
ViT Large Patch 16 224: Inertia By PCA Components,plotly_html,/Volumes/ssd/thesis_organization/ndb_ufes_data_organizer/docs/visualizations/generated/phase2_inertia_by_pca_vit_large_patch16_224.html,/Volumes/ssd/thesis_organization/ndb_ufes_data_organizer/results/phase2_tuning/phase2_all_results_vit_large_patch16_224_averaged.csv
ViT Large Patch 16 224: Inertia By PCA Components,plotly_preview_png,/Volumes/ssd/thesis_organization/ndb_ufes_data_organizer/docs/assets/generated/plotly_previews/phase2_inertia_by_pca_vit_large_patch16_224.png,/Volumes/ssd/thesis_organization/ndb_ufes_data_organizer/results/phase2_tuning/phase2_all_results_vit_large_patch16_224_averaged.csv
ViT Large Patch 16 224: Silhouette By K,plotly_html,/Volumes/ssd/thesis_organization/ndb_ufes_data_organizer/docs/visualizations/generated/phase2_silhouette_by_k_vit_large_patch16_224.html,/Volumes/ssd/thesis_organization/ndb_ufes_data_organizer/results/phase2_tuning/phase2_all_results_vit_large_patch16_224_averaged.csv
ViT Large Patch 16 224: Silhouette By K,plotly_preview_png,/Volumes/ssd/thesis_organization/ndb_ufes_data_organizer/docs/assets/generated/plotly_previews/phase2_silhouette_by_k_vit_large_patch16_224.png,/Volumes/ssd/thesis_organization/ndb_ufes_data_organizer/results/phase2_tuning/phase2_all_results_vit_large_patch16_224_averaged.csv
ViT Large Patch 16 224: Silhouette Heatmap,plotly_html,/Volumes/ssd/thesis_organization/ndb_ufes_data_organizer/docs/visualizations/generated/phase2_silhouette_heatmap_vit_large_patch16_224.html,/Volumes/ssd/thesis_organization/ndb_ufes_data_organizer/results/phase2_tuning/phase2_all_results_vit_large_patch16_224_averaged.csv
ViT Large Patch 16 224: Silhouette Heatmap,plotly_preview_png,/Volumes/ssd/thesis_organization/ndb_ufes_data_organizer/docs/assets/generated/plotly_previews/phase2_silhouette_heatmap_vit_large_patch16_224.png,/Volumes/ssd/thesis_organization/ndb_ufes_data_organizer/results/phase2_tuning/phase2_all_results_vit_large_patch16_224_averaged.csv
ViT Large Patch 16 224: Top 10 Configurations,plotly_html,/Volumes/ssd/thesis_organization/ndb_ufes_data_organizer/docs/visualizations/generated/phase2_top10_configurations_vit_large_patch16_224.html,/Volumes/ssd/thesis_organization/ndb_ufes_data_organizer/results/phase2_tuning/phase2_all_results_vit_large_patch16_224_averaged.csv
ViT Large Patch 16 224: Top 10 Configurations,plotly_preview_png,/Volumes/ssd/thesis_organization/ndb_ufes_data_organizer/docs/assets/generated/plotly_previews/phase2_top10_configurations_vit_large_patch16_224.png,/Volumes/ssd/thesis_organization/ndb_ufes_data_organizer/results/phase2_tuning/phase2_all_results_vit_large_patch16_224_averaged.csv
EfficientNet B1: Elbow Curve,plotly_html,/Volumes/ssd/thesis_organization/ndb_ufes_data_organizer/docs/visualizations/generated/phase2_elbow_efficientnet_b1.html,/Volumes/ssd/thesis_organization/ndb_ufes_data_organizer/results/phase2_tuning/phase2_all_results_efficientnet_b1_averaged.csv
EfficientNet B1: Elbow Curve,plotly_preview_png,/Volumes/ssd/thesis_organization/ndb_ufes_data_organizer/docs/assets/generated/plotly_previews/phase2_elbow_efficientnet_b1.png,/Volumes/ssd/thesis_organization/ndb_ufes_data_organizer/results/phase2_tuning/phase2_all_results_efficientnet_b1_averaged.csv
EfficientNet B1: Inertia By PCA Components,plotly_html,/Volumes/ssd/thesis_organization/ndb_ufes_data_organizer/docs/visualizations/generated/phase2_inertia_by_pca_efficientnet_b1.html,/Volumes/ssd/thesis_organization/ndb_ufes_data_organizer/results/phase2_tuning/phase2_all_results_efficientnet_b1_averaged.csv
EfficientNet B1: Inertia By PCA Components,plotly_preview_png,/Volumes/ssd/thesis_organization/ndb_ufes_data_organizer/docs/assets/generated/plotly_previews/phase2_inertia_by_pca_efficientnet_b1.png,/Volumes/ssd/thesis_organization/ndb_ufes_data_organizer/results/phase2_tuning/phase2_all_results_efficientnet_b1_averaged.csv
EfficientNet B1: Silhouette By K,plotly_html,/Volumes/ssd/thesis_organization/ndb_ufes_data_organizer/docs/visualizations/generated/phase2_silhouette_by_k_efficientnet_b1.html,/Volumes/ssd/thesis_organization/ndb_ufes_data_organizer/results/phase2_tuning/phase2_all_results_efficientnet_b1_averaged.csv
EfficientNet B1: Silhouette By K,plotly_preview_png,/Volumes/ssd/thesis_organization/ndb_ufes_data_organizer/docs/assets/generated/plotly_previews/phase2_silhouette_by_k_efficientnet_b1.png,/Volumes/ssd/thesis_organization/ndb_ufes_data_organizer/results/phase2_tuning/phase2_all_results_efficientnet_b1_averaged.csv
EfficientNet B1: Silhouette Heatmap,plotly_html,/Volumes/ssd/thesis_organization/ndb_ufes_data_organizer/docs/visualizations/generated/phase2_silhouette_heatmap_efficientnet_b1.html,/Volumes/ssd/thesis_organization/ndb_ufes_data_organizer/results/phase2_tuning/phase2_all_results_efficientnet_b1_averaged.csv
EfficientNet B1: Silhouette Heatmap,plotly_preview_png,/Volumes/ssd/thesis_organization/ndb_ufes_data_organizer/docs/assets/generated/plotly_previews/phase2_silhouette_heatmap_efficientnet_b1.png,/Volumes/ssd/thesis_organization/ndb_ufes_data_organizer/results/phase2_tuning/phase2_all_results_efficientnet_b1_averaged.csv
EfficientNet B1: Top 10 Configurations,plotly_html,/Volumes/ssd/thesis_organization/ndb_ufes_data_organizer/docs/visualizations/generated/phase2_top10_configurations_efficientnet_b1.html,/Volumes/ssd/thesis_organization/ndb_ufes_data_organizer/results/phase2_tuning/phase2_all_results_efficientnet_b1_averaged.csv
EfficientNet B1: Top 10 Configurations,plotly_preview_png,/Volumes/ssd/thesis_organization/ndb_ufes_data_organizer/docs/assets/generated/plotly_previews/phase2_top10_configurations_efficientnet_b1.png,/Volumes/ssd/thesis_organization/ndb_ufes_data_organizer/results/phase2_tuning/phase2_all_results_efficientnet_b1_averaged.csv
ViT Base Patch 32 224: Elbow Curve,plotly_html,/Volumes/ssd/thesis_organization/ndb_ufes_data_organizer/docs/visualizations/generated/phase2_elbow_vit_base_patch32_224.html,/Volumes/ssd/thesis_organization/ndb_ufes_data_organizer/results/phase2_tuning/phase2_all_results_vit_base_patch32_224_averaged.csv
ViT Base Patch 32 224: Elbow Curve,plotly_preview_png,/Volumes/ssd/thesis_organization/ndb_ufes_data_organizer/docs/assets/generated/plotly_previews/phase2_elbow_vit_base_patch32_224.png,/Volumes/ssd/thesis_organization/ndb_ufes_data_organizer/results/phase2_tuning/phase2_all_results_vit_base_patch32_224_averaged.csv
ViT Base Patch 32 224: Inertia By PCA Components,plotly_html,/Volumes/ssd/thesis_organization/ndb_ufes_data_organizer/docs/visualizations/generated/phase2_inertia_by_pca_vit_base_patch32_224.html,/Volumes/ssd/thesis_organization/ndb_ufes_data_organizer/results/phase2_tuning/phase2_all_results_vit_base_patch32_224_averaged.csv
ViT Base Patch 32 224: Inertia By PCA Components,plotly_preview_png,/Volumes/ssd/thesis_organization/ndb_ufes_data_organizer/docs/assets/generated/plotly_previews/phase2_inertia_by_pca_vit_base_patch32_224.png,/Volumes/ssd/thesis_organization/ndb_ufes_data_organizer/results/phase2_tuning/phase2_all_results_vit_base_patch32_224_averaged.csv
ViT Base Patch 32 224: Silhouette By K,plotly_html,/Volumes/ssd/thesis_organization/ndb_ufes_data_organizer/docs/visualizations/generated/phase2_silhouette_by_k_vit_base_patch32_224.html,/Volumes/ssd/thesis_organization/ndb_ufes_data_organizer/results/phase2_tuning/phase2_all_results_vit_base_patch32_224_averaged.csv
ViT Base Patch 32 224: Silhouette By K,plotly_preview_png,/Volumes/ssd/thesis_organization/ndb_ufes_data_organizer/docs/assets/generated/plotly_previews/phase2_silhouette_by_k_vit_base_patch32_224.png,/Volumes/ssd/thesis_organization/ndb_ufes_data_organizer/results/phase2_tuning/phase2_all_results_vit_base_patch32_224_averaged.csv
ViT Base Patch 32 224: Silhouette Heatmap,plotly_html,/Volumes/ssd/thesis_organization/ndb_ufes_data_organizer/docs/visualizations/generated/phase2_silhouette_heatmap_vit_base_patch32_224.html,/Volumes/ssd/thesis_organization/ndb_ufes_data_organizer/results/phase2_tuning/phase2_all_results_vit_base_patch32_224_averaged.csv
ViT Base Patch 32 224: Silhouette Heatmap,plotly_preview_png,/Volumes/ssd/thesis_organization/ndb_ufes_data_organizer/docs/assets/generated/plotly_previews/phase2_silhouette_heatmap_vit_base_patch32_224.png,/Volumes/ssd/thesis_organization/ndb_ufes_data_organizer/results/phase2_tuning/phase2_all_results_vit_base_patch32_224_averaged.csv
ViT Base Patch 32 224: Top 10 Configurations,plotly_html,/Volumes/ssd/thesis_organization/ndb_ufes_data_organizer/docs/visualizations/generated/phase2_top10_configurations_vit_base_patch32_224.html,/Volumes/ssd/thesis_organization/ndb_ufes_data_organizer/results/phase2_tuning/phase2_all_results_vit_base_patch32_224_averaged.csv
ViT Base Patch 32 224: Top 10 Configurations,plotly_preview_png,/Volumes/ssd/thesis_organization/ndb_ufes_data_organizer/docs/assets/generated/plotly_previews/phase2_top10_configurations_vit_base_patch32_224.png,/Volumes/ssd/thesis_organization/ndb_ufes_data_organizer/results/phase2_tuning/phase2_all_results_vit_base_patch32_224_averaged.csv
UNI: Elbow Curve,plotly_html,/Volumes/ssd/thesis_organization/ndb_ufes_data_organizer/docs/visualizations/generated/phase2_elbow_uni.html,/Volumes/ssd/thesis_organization/ndb_ufes_data_organizer/results/phase2_tuning/phase2_all_results_uni_averaged.csv
UNI: Elbow Curve,plotly_preview_png,/Volumes/ssd/thesis_organization/ndb_ufes_data_organizer/docs/assets/generated/plotly_previews/phase2_elbow_uni.png,/Volumes/ssd/thesis_organization/ndb_ufes_data_organizer/results/phase2_tuning/phase2_all_results_uni_averaged.csv
UNI: Inertia By PCA Components,plotly_html,/Volumes/ssd/thesis_organization/ndb_ufes_data_organizer/docs/visualizations/generated/phase2_inertia_by_pca_uni.html,/Volumes/ssd/thesis_organization/ndb_ufes_data_organizer/results/phase2_tuning/phase2_all_results_uni_averaged.csv
UNI: Inertia By PCA Components,plotly_preview_png,/Volumes/ssd/thesis_organization/ndb_ufes_data_organizer/docs/assets/generated/plotly_previews/phase2_inertia_by_pca_uni.png,/Volumes/ssd/thesis_organization/ndb_ufes_data_organizer/results/phase2_tuning/phase2_all_results_uni_averaged.csv
UNI: Silhouette By K,plotly_html,/Volumes/ssd/thesis_organization/ndb_ufes_data_organizer/docs/visualizations/generated/phase2_silhouette_by_k_uni.html,/Volumes/ssd/thesis_organization/ndb_ufes_data_organizer/results/phase2_tuning/phase2_all_results_uni_averaged.csv
UNI: Silhouette By K,plotly_preview_png,/Volumes/ssd/thesis_organization/ndb_ufes_data_organizer/docs/assets/generated/plotly_previews/phase2_silhouette_by_k_uni.png,/Volumes/ssd/thesis_organization/ndb_ufes_data_organizer/results/phase2_tuning/phase2_all_results_uni_averaged.csv
UNI: Silhouette Heatmap,plotly_html,/Volumes/ssd/thesis_organization/ndb_ufes_data_organizer/docs/visualizations/generated/phase2_silhouette_heatmap_uni.html,/Volumes/ssd/thesis_organization/ndb_ufes_data_organizer/results/phase2_tuning/phase2_all_results_uni_averaged.csv
UNI: Silhouette Heatmap,plotly_preview_png,/Volumes/ssd/thesis_organization/ndb_ufes_data_organizer/docs/assets/generated/plotly_previews/phase2_silhouette_heatmap_uni.png,/Volumes/ssd/thesis_organization/ndb_ufes_data_organizer/results/phase2_tuning/phase2_all_results_uni_averaged.csv
UNI: Top 10 Configurations,plotly_html,/Volumes/ssd/thesis_organization/ndb_ufes_data_organizer/docs/visualizations/generated/phase2_top10_configurations_uni.html,/Volumes/ssd/thesis_organization/ndb_ufes_data_organizer/results/phase2_tuning/phase2_all_results_uni_averaged.csv
UNI: Top 10 Configurations,plotly_preview_png,/Volumes/ssd/thesis_organization/ndb_ufes_data_organizer/docs/assets/generated/plotly_previews/phase2_top10_configurations_uni.png,/Volumes/ssd/thesis_organization/ndb_ufes_data_organizer/results/phase2_tuning/phase2_all_results_uni_averaged.csv
ViT Base Patch 16 224: Elbow Curve,plotly_html,/Volumes/ssd/thesis_organization/ndb_ufes_data_organizer/docs/visualizations/generated/phase2_elbow_vit_base_patch16_224.html,/Volumes/ssd/thesis_organization/ndb_ufes_data_organizer/results/phase2_tuning/phase2_all_results_vit_base_patch16_224_averaged.csv
ViT Base Patch 16 224: Elbow Curve,plotly_preview_png,/Volumes/ssd/thesis_organization/ndb_ufes_data_organizer/docs/assets/generated/plotly_previews/phase2_elbow_vit_base_patch16_224.png,/Volumes/ssd/thesis_organization/ndb_ufes_data_organizer/results/phase2_tuning/phase2_all_results_vit_base_patch16_224_averaged.csv
ViT Base Patch 16 224: Inertia By PCA Components,plotly_html,/Volumes/ssd/thesis_organization/ndb_ufes_data_organizer/docs/visualizations/generated/phase2_inertia_by_pca_vit_base_patch16_224.html,/Volumes/ssd/thesis_organization/ndb_ufes_data_organizer/results/phase2_tuning/phase2_all_results_vit_base_patch16_224_averaged.csv
ViT Base Patch 16 224: Inertia By PCA Components,plotly_preview_png,/Volumes/ssd/thesis_organization/ndb_ufes_data_organizer/docs/assets/generated/plotly_previews/phase2_inertia_by_pca_vit_base_patch16_224.png,/Volumes/ssd/thesis_organization/ndb_ufes_data_organizer/results/phase2_tuning/phase2_all_results_vit_base_patch16_224_averaged.csv
ViT Base Patch 16 224: Silhouette By K,plotly_html,/Volumes/ssd/thesis_organization/ndb_ufes_data_organizer/docs/visualizations/generated/phase2_silhouette_by_k_vit_base_patch16_224.html,/Volumes/ssd/thesis_organization/ndb_ufes_data_organizer/results/phase2_tuning/phase2_all_results_vit_base_patch16_224_averaged.csv
ViT Base Patch 16 224: Silhouette By K,plotly_preview_png,/Volumes/ssd/thesis_organization/ndb_ufes_data_organizer/docs/assets/generated/plotly_previews/phase2_silhouette_by_k_vit_base_patch16_224.png,/Volumes/ssd/thesis_organization/ndb_ufes_data_organizer/results/phase2_tuning/phase2_all_results_vit_base_patch16_224_averaged.csv
ViT Base Patch 16 224: Silhouette Heatmap,plotly_html,/Volumes/ssd/thesis_organization/ndb_ufes_data_organizer/docs/visualizations/generated/phase2_silhouette_heatmap_vit_base_patch16_224.html,/Volumes/ssd/thesis_organization/ndb_ufes_data_organizer/results/phase2_tuning/phase2_all_results_vit_base_patch16_224_averaged.csv
ViT Base Patch 16 224: Silhouette Heatmap,plotly_preview_png,/Volumes/ssd/thesis_organization/ndb_ufes_data_organizer/docs/assets/generated/plotly_previews/phase2_silhouette_heatmap_vit_base_patch16_224.png,/Volumes/ssd/thesis_organization/ndb_ufes_data_organizer/results/phase2_tuning/phase2_all_results_vit_base_patch16_224_averaged.csv
ViT Base Patch 16 224: Top 10 Configurations,plotly_html,/Volumes/ssd/thesis_organization/ndb_ufes_data_organizer/docs/visualizations/generated/phase2_top10_configurations_vit_base_patch16_224.html,/Volumes/ssd/thesis_organization/ndb_ufes_data_organizer/results/phase2_tuning/phase2_all_results_vit_base_patch16_224_averaged.csv
ViT Base Patch 16 224: Top 10 Configurations,plotly_preview_png,/Volumes/ssd/thesis_organization/ndb_ufes_data_organizer/docs/assets/generated/plotly_previews/phase2_top10_configurations_vit_base_patch16_224.png,/Volumes/ssd/thesis_organization/ndb_ufes_data_organizer/results/phase2_tuning/phase2_all_results_vit_base_patch16_224_averaged.csv
CTransPath: Elbow Curve,plotly_html,/Volumes/ssd/thesis_organization/ndb_ufes_data_organizer/docs/visualizations/generated/phase2_elbow_ctranspath.html,/Volumes/ssd/thesis_organization/ndb_ufes_data_organizer/results/phase2_tuning/phase2_all_results_ctranspath_averaged.csv
CTransPath: Elbow Curve,plotly_preview_png,/Volumes/ssd/thesis_organization/ndb_ufes_data_organizer/docs/assets/generated/plotly_previews/phase2_elbow_ctranspath.png,/Volumes/ssd/thesis_organization/ndb_ufes_data_organizer/results/phase2_tuning/phase2_all_results_ctranspath_averaged.csv
CTransPath: Inertia By PCA Components,plotly_html,/Volumes/ssd/thesis_organization/ndb_ufes_data_organizer/docs/visualizations/generated/phase2_inertia_by_pca_ctranspath.html,/Volumes/ssd/thesis_organization/ndb_ufes_data_organizer/results/phase2_tuning/phase2_all_results_ctranspath_averaged.csv
CTransPath: Inertia By PCA Components,plotly_preview_png,/Volumes/ssd/thesis_organization/ndb_ufes_data_organizer/docs/assets/generated/plotly_previews/phase2_inertia_by_pca_ctranspath.png,/Volumes/ssd/thesis_organization/ndb_ufes_data_organizer/results/phase2_tuning/phase2_all_results_ctranspath_averaged.csv
CTransPath: Silhouette By K,plotly_html,/Volumes/ssd/thesis_organization/ndb_ufes_data_organizer/docs/visualizations/generated/phase2_silhouette_by_k_ctranspath.html,/Volumes/ssd/thesis_organization/ndb_ufes_data_organizer/results/phase2_tuning/phase2_all_results_ctranspath_averaged.csv
CTransPath: Silhouette By K,plotly_preview_png,/Volumes/ssd/thesis_organization/ndb_ufes_data_organizer/docs/assets/generated/plotly_previews/phase2_silhouette_by_k_ctranspath.png,/Volumes/ssd/thesis_organization/ndb_ufes_data_organizer/results/phase2_tuning/phase2_all_results_ctranspath_averaged.csv
CTransPath: Silhouette Heatmap,plotly_html,/Volumes/ssd/thesis_organization/ndb_ufes_data_organizer/docs/visualizations/generated/phase2_silhouette_heatmap_ctranspath.html,/Volumes/ssd/thesis_organization/ndb_ufes_data_organizer/results/phase2_tuning/phase2_all_results_ctranspath_averaged.csv
CTransPath: Silhouette Heatmap,plotly_preview_png,/Volumes/ssd/thesis_organization/ndb_ufes_data_organizer/docs/assets/generated/plotly_previews/phase2_silhouette_heatmap_ctranspath.png,/Volumes/ssd/thesis_organization/ndb_ufes_data_organizer/results/phase2_tuning/phase2_all_results_ctranspath_averaged.csv
CTransPath: Top 10 Configurations,plotly_html,/Volumes/ssd/thesis_organization/ndb_ufes_data_organizer/docs/visualizations/generated/phase2_top10_configurations_ctranspath.html,/Volumes/ssd/thesis_organization/ndb_ufes_data_organizer/results/phase2_tuning/phase2_all_results_ctranspath_averaged.csv
CTransPath: Top 10 Configurations,plotly_preview_png,/Volumes/ssd/thesis_organization/ndb_ufes_data_organizer/docs/assets/generated/plotly_previews/phase2_top10_configurations_ctranspath.png,/Volumes/ssd/thesis_organization/ndb_ufes_data_organizer/results/phase2_tuning/phase2_all_results_ctranspath_averaged.csv
Swin Base Patch4 Window7 224: Elbow Curve,plotly_html,/Volumes/ssd/thesis_organization/ndb_ufes_data_organizer/docs/visualizations/generated/phase2_elbow_swin_base_patch4_window7_224.html,/Volumes/ssd/thesis_organization/ndb_ufes_data_organizer/results/phase2_tuning/phase2_all_results_swin_base_patch4_window7_224_averaged.csv
Swin Base Patch4 Window7 224: Elbow Curve,plotly_preview_png,/Volumes/ssd/thesis_organization/ndb_ufes_data_organizer/docs/assets/generated/plotly_previews/phase2_elbow_swin_base_patch4_window7_224.png,/Volumes/ssd/thesis_organization/ndb_ufes_data_organizer/results/phase2_tuning/phase2_all_results_swin_base_patch4_window7_224_averaged.csv
Swin Base Patch4 Window7 224: Inertia By PCA Components,plotly_html,/Volumes/ssd/thesis_organization/ndb_ufes_data_organizer/docs/visualizations/generated/phase2_inertia_by_pca_swin_base_patch4_window7_224.html,/Volumes/ssd/thesis_organization/ndb_ufes_data_organizer/results/phase2_tuning/phase2_all_results_swin_base_patch4_window7_224_averaged.csv
Swin Base Patch4 Window7 224: Inertia By PCA Components,plotly_preview_png,/Volumes/ssd/thesis_organization/ndb_ufes_data_organizer/docs/assets/generated/plotly_previews/phase2_inertia_by_pca_swin_base_patch4_window7_224.png,/Volumes/ssd/thesis_organization/ndb_ufes_data_organizer/results/phase2_tuning/phase2_all_results_swin_base_patch4_window7_224_averaged.csv
Swin Base Patch4 Window7 224: Silhouette By K,plotly_html,/Volumes/ssd/thesis_organization/ndb_ufes_data_organizer/docs/visualizations/generated/phase2_silhouette_by_k_swin_base_patch4_window7_224.html,/Volumes/ssd/thesis_organization/ndb_ufes_data_organizer/results/phase2_tuning/phase2_all_results_swin_base_patch4_window7_224_averaged.csv
Swin Base Patch4 Window7 224: Silhouette By K,plotly_preview_png,/Volumes/ssd/thesis_organization/ndb_ufes_data_organizer/docs/assets/generated/plotly_previews/phase2_silhouette_by_k_swin_base_patch4_window7_224.png,/Volumes/ssd/thesis_organization/ndb_ufes_data_organizer/results/phase2_tuning/phase2_all_results_swin_base_patch4_window7_224_averaged.csv
Swin Base Patch4 Window7 224: Silhouette Heatmap,plotly_html,/Volumes/ssd/thesis_organization/ndb_ufes_data_organizer/docs/visualizations/generated/phase2_silhouette_heatmap_swin_base_patch4_window7_224.html,/Volumes/ssd/thesis_organization/ndb_ufes_data_organizer/results/phase2_tuning/phase2_all_results_swin_base_patch4_window7_224_averaged.csv
Swin Base Patch4 Window7 224: Silhouette Heatmap,plotly_preview_png,/Volumes/ssd/thesis_organization/ndb_ufes_data_organizer/docs/assets/generated/plotly_previews/phase2_silhouette_heatmap_swin_base_patch4_window7_224.png,/Volumes/ssd/thesis_organization/ndb_ufes_data_organizer/results/phase2_tuning/phase2_all_results_swin_base_patch4_window7_224_averaged.csv
Swin Base Patch4 Window7 224: Top 10 Configurations,plotly_html,/Volumes/ssd/thesis_organization/ndb_ufes_data_organizer/docs/visualizations/generated/phase2_top10_configurations_swin_base_patch4_window7_224.html,/Volumes/ssd/thesis_organization/ndb_ufes_data_organizer/results/phase2_tuning/phase2_all_results_swin_base_patch4_window7_224_averaged.csv
Swin Base Patch4 Window7 224: Top 10 Configurations,plotly_preview_png,/Volumes/ssd/thesis_organization/ndb_ufes_data_organizer/docs/assets/generated/plotly_previews/phase2_top10_configurations_swin_base_patch4_window7_224.png,/Volumes/ssd/thesis_organization/ndb_ufes_data_organizer/results/phase2_tuning/phase2_all_results_swin_base_patch4_window7_224_averaged.csv
Fold origin and patch percentages,docs_png,/Volumes/ssd/thesis_organization/ndb_ufes_data_organizer/docs/assets/generated/fold_origin_patch_percent.png,/Volumes/ssd/thesis_organization/ndb_ufes_data_organizer/results/phase3_fold_creation/fold_assignments_patch_level.csv
Fold origin and patch percentages,thesis_png,/Volumes/ssd/thesis_organization/ndb_ufes_data_organizer/results/thesis_figures/fold_origin_patch_percent.png,/Volumes/ssd/thesis_organization/ndb_ufes_data_organizer/results/phase3_fold_creation/fold_assignments_patch_level.csv
Fold origin and patch percentages,thesis_svg,/Volumes/ssd/thesis_organization/ndb_ufes_data_organizer/results/thesis_figures/fold_origin_patch_percent.svg,/Volumes/ssd/thesis_organization/ndb_ufes_data_organizer/results/phase3_fold_creation/fold_assignments_patch_level.csv
Fold origin and patch percentages,thesis_pdf,/Volumes/ssd/thesis_organization/ndb_ufes_data_organizer/results/thesis_figures/fold_origin_patch_percent.pdf,/Volumes/ssd/thesis_organization/ndb_ufes_data_organizer/results/phase3_fold_creation/fold_assignments_patch_level.csv
Fold origin and patch percentages,plotly_html,/Volumes/ssd/thesis_organization/ndb_ufes_data_organizer/docs/visualizations/generated/fold_origin_patch_percent.html,/Volumes/ssd/thesis_organization/ndb_ufes_data_organizer/results/phase3_fold_creation/fold_assignments_patch_level.csv
Fold origin and patch percentages,plotly_preview_png,/Volumes/ssd/thesis_organization/ndb_ufes_data_organizer/docs/assets/generated/plotly_previews/fold_origin_patch_percent.png,/Volumes/ssd/thesis_organization/ndb_ufes_data_organizer/results/phase3_fold_creation/fold_assignments_patch_level.csv
Fold diagnosis percentages,docs_png,/Volumes/ssd/thesis_organization/ndb_ufes_data_organizer/docs/assets/generated/fold_diagnosis_percent.png,/Volumes/ssd/thesis_organization/ndb_ufes_data_organizer/results/phase3_fold_creation/fold_assignments_patch_level.csv
Fold diagnosis percentages,thesis_png,/Volumes/ssd/thesis_organization/ndb_ufes_data_organizer/results/thesis_figures/fold_diagnosis_percent.png,/Volumes/ssd/thesis_organization/ndb_ufes_data_organizer/results/phase3_fold_creation/fold_assignments_patch_level.csv
Fold diagnosis percentages,thesis_svg,/Volumes/ssd/thesis_organization/ndb_ufes_data_organizer/results/thesis_figures/fold_diagnosis_percent.svg,/Volumes/ssd/thesis_organization/ndb_ufes_data_organizer/results/phase3_fold_creation/fold_assignments_patch_level.csv
Fold diagnosis percentages,thesis_pdf,/Volumes/ssd/thesis_organization/ndb_ufes_data_organizer/results/thesis_figures/fold_diagnosis_percent.pdf,/Volumes/ssd/thesis_organization/ndb_ufes_data_organizer/results/phase3_fold_creation/fold_assignments_patch_level.csv
Fold diagnosis percentages,plotly_html,/Volumes/ssd/thesis_organization/ndb_ufes_data_organizer/docs/visualizations/generated/fold_diagnosis_percent.html,/Volumes/ssd/thesis_organization/ndb_ufes_data_organizer/results/phase3_fold_creation/fold_assignments_patch_level.csv
Fold diagnosis percentages,plotly_preview_png,/Volumes/ssd/thesis_organization/ndb_ufes_data_organizer/docs/assets/generated/plotly_previews/fold_diagnosis_percent.png,/Volumes/ssd/thesis_organization/ndb_ufes_data_organizer/results/phase3_fold_creation/fold_assignments_patch_level.csv
Origin Diagnosis Share Within Each Fold,docs_png,/Volumes/ssd/thesis_organization/ndb_ufes_data_organizer/docs/assets/generated/fold_origin_diagnosis_percent.png,/Volumes/ssd/thesis_organization/ndb_ufes_data_organizer/results/phase3_fold_creation/fold_assignments_origin.csv
Origin Diagnosis Share Within Each Fold,thesis_png,/Volumes/ssd/thesis_organization/ndb_ufes_data_organizer/results/thesis_figures/fold_origin_diagnosis_percent.png,/Volumes/ssd/thesis_organization/ndb_ufes_data_organizer/results/phase3_fold_creation/fold_assignments_origin.csv
Origin Diagnosis Share Within Each Fold,thesis_svg,/Volumes/ssd/thesis_organization/ndb_ufes_data_organizer/results/thesis_figures/fold_origin_diagnosis_percent.svg,/Volumes/ssd/thesis_organization/ndb_ufes_data_organizer/results/phase3_fold_creation/fold_assignments_origin.csv
Origin Diagnosis Share Within Each Fold,thesis_pdf,/Volumes/ssd/thesis_organization/ndb_ufes_data_organizer/results/thesis_figures/fold_origin_diagnosis_percent.pdf,/Volumes/ssd/thesis_organization/ndb_ufes_data_organizer/results/phase3_fold_creation/fold_assignments_origin.csv
Origin Diagnosis Share Within Each Fold,plotly_html,/Volumes/ssd/thesis_organization/ndb_ufes_data_organizer/docs/visualizations/generated/fold_origin_diagnosis_percent.html,/Volumes/ssd/thesis_organization/ndb_ufes_data_organizer/results/phase3_fold_creation/fold_assignments_origin.csv
Origin Diagnosis Share Within Each Fold,plotly_preview_png,/Volumes/ssd/thesis_organization/ndb_ufes_data_organizer/docs/assets/generated/plotly_previews/fold_origin_diagnosis_percent.png,/Volumes/ssd/thesis_organization/ndb_ufes_data_organizer/results/phase3_fold_creation/fold_assignments_origin.csv
Morphology Cluster Share Within Each Fold,docs_png,/Volumes/ssd/thesis_organization/ndb_ufes_data_organizer/docs/assets/generated/fold_morph_cluster_percent.png,/Volumes/ssd/thesis_organization/ndb_ufes_data_organizer/results/phase3_fold_creation/fold_assignments_origin.csv
Morphology Cluster Share Within Each Fold,thesis_png,/Volumes/ssd/thesis_organization/ndb_ufes_data_organizer/results/thesis_figures/fold_morph_cluster_percent.png,/Volumes/ssd/thesis_organization/ndb_ufes_data_organizer/results/phase3_fold_creation/fold_assignments_origin.csv
Morphology Cluster Share Within Each Fold,thesis_svg,/Volumes/ssd/thesis_organization/ndb_ufes_data_organizer/results/thesis_figures/fold_morph_cluster_percent.svg,/Volumes/ssd/thesis_organization/ndb_ufes_data_organizer/results/phase3_fold_creation/fold_assignments_origin.csv
Morphology Cluster Share Within Each Fold,thesis_pdf,/Volumes/ssd/thesis_organization/ndb_ufes_data_organizer/results/thesis_figures/fold_morph_cluster_percent.pdf,/Volumes/ssd/thesis_organization/ndb_ufes_data_organizer/results/phase3_fold_creation/fold_assignments_origin.csv
Morphology Cluster Share Within Each Fold,plotly_html,/Volumes/ssd/thesis_organization/ndb_ufes_data_organizer/docs/visualizations/generated/fold_morph_cluster_percent.html,/Volumes/ssd/thesis_organization/ndb_ufes_data_organizer/results/phase3_fold_creation/fold_assignments_origin.csv
Morphology Cluster Share Within Each Fold,plotly_preview_png,/Volumes/ssd/thesis_organization/ndb_ufes_data_organizer/docs/assets/generated/plotly_previews/fold_morph_cluster_percent.png,/Volumes/ssd/thesis_organization/ndb_ufes_data_organizer/results/phase3_fold_creation/fold_assignments_origin.csv
Gender Share Within Each Fold,docs_png,/Volumes/ssd/thesis_organization/ndb_ufes_data_organizer/docs/assets/generated/fold_gender_percent.png,/Volumes/ssd/thesis_organization/ndb_ufes_data_organizer/results/phase3_fold_creation/fold_assignments_origin.csv
Gender Share Within Each Fold,thesis_png,/Volumes/ssd/thesis_organization/ndb_ufes_data_organizer/results/thesis_figures/fold_gender_percent.png,/Volumes/ssd/thesis_organization/ndb_ufes_data_organizer/results/phase3_fold_creation/fold_assignments_origin.csv
Gender Share Within Each Fold,thesis_svg,/Volumes/ssd/thesis_organization/ndb_ufes_data_organizer/results/thesis_figures/fold_gender_percent.svg,/Volumes/ssd/thesis_organization/ndb_ufes_data_organizer/results/phase3_fold_creation/fold_assignments_origin.csv
Gender Share Within Each Fold,thesis_pdf,/Volumes/ssd/thesis_organization/ndb_ufes_data_organizer/results/thesis_figures/fold_gender_percent.pdf,/Volumes/ssd/thesis_organization/ndb_ufes_data_organizer/results/phase3_fold_creation/fold_assignments_origin.csv
Gender Share Within Each Fold,plotly_html,/Volumes/ssd/thesis_organization/ndb_ufes_data_organizer/docs/visualizations/generated/fold_gender_percent.html,/Volumes/ssd/thesis_organization/ndb_ufes_data_organizer/results/phase3_fold_creation/fold_assignments_origin.csv
Gender Share Within Each Fold,plotly_preview_png,/Volumes/ssd/thesis_organization/ndb_ufes_data_organizer/docs/assets/generated/plotly_previews/fold_gender_percent.png,/Volumes/ssd/thesis_organization/ndb_ufes_data_organizer/results/phase3_fold_creation/fold_assignments_origin.csv
Age Group Share Within Each Fold,docs_png,/Volumes/ssd/thesis_organization/ndb_ufes_data_organizer/docs/assets/generated/fold_age_group_percent.png,/Volumes/ssd/thesis_organization/ndb_ufes_data_organizer/results/phase3_fold_creation/fold_assignments_origin.csv
Age Group Share Within Each Fold,thesis_png,/Volumes/ssd/thesis_organization/ndb_ufes_data_organizer/results/thesis_figures/fold_age_group_percent.png,/Volumes/ssd/thesis_organization/ndb_ufes_data_organizer/results/phase3_fold_creation/fold_assignments_origin.csv
Age Group Share Within Each Fold,thesis_svg,/Volumes/ssd/thesis_organization/ndb_ufes_data_organizer/results/thesis_figures/fold_age_group_percent.svg,/Volumes/ssd/thesis_organization/ndb_ufes_data_organizer/results/phase3_fold_creation/fold_assignments_origin.csv
Age Group Share Within Each Fold,thesis_pdf,/Volumes/ssd/thesis_organization/ndb_ufes_data_organizer/results/thesis_figures/fold_age_group_percent.pdf,/Volumes/ssd/thesis_organization/ndb_ufes_data_organizer/results/phase3_fold_creation/fold_assignments_origin.csv
Age Group Share Within Each Fold,plotly_html,/Volumes/ssd/thesis_organization/ndb_ufes_data_organizer/docs/visualizations/generated/fold_age_group_percent.html,/Volumes/ssd/thesis_organization/ndb_ufes_data_organizer/results/phase3_fold_creation/fold_assignments_origin.csv
Age Group Share Within Each Fold,plotly_preview_png,/Volumes/ssd/thesis_organization/ndb_ufes_data_organizer/docs/assets/generated/plotly_previews/fold_age_group_percent.png,/Volumes/ssd/thesis_organization/ndb_ufes_data_organizer/results/phase3_fold_creation/fold_assignments_origin.csv
Combined stratum spread across folds,docs_png,/Volumes/ssd/thesis_organization/ndb_ufes_data_organizer/docs/assets/generated/fold_combined_stratum_spread.png,/Volumes/ssd/thesis_organization/ndb_ufes_data_organizer/results/phase3_fold_creation/fold_assignments_origin.csv
Combined stratum spread across folds,thesis_png,/Volumes/ssd/thesis_organization/ndb_ufes_data_organizer/results/thesis_figures/fold_combined_stratum_spread.png,/Volumes/ssd/thesis_organization/ndb_ufes_data_organizer/results/phase3_fold_creation/fold_assignments_origin.csv
Combined stratum spread across folds,thesis_svg,/Volumes/ssd/thesis_organization/ndb_ufes_data_organizer/results/thesis_figures/fold_combined_stratum_spread.svg,/Volumes/ssd/thesis_organization/ndb_ufes_data_organizer/results/phase3_fold_creation/fold_assignments_origin.csv
Combined stratum spread across folds,thesis_pdf,/Volumes/ssd/thesis_organization/ndb_ufes_data_organizer/results/thesis_figures/fold_combined_stratum_spread.pdf,/Volumes/ssd/thesis_organization/ndb_ufes_data_organizer/results/phase3_fold_creation/fold_assignments_origin.csv
Combined stratum spread across folds,plotly_html,/Volumes/ssd/thesis_organization/ndb_ufes_data_organizer/docs/visualizations/generated/fold_combined_stratum_spread.html,/Volumes/ssd/thesis_organization/ndb_ufes_data_organizer/results/phase3_fold_creation/fold_assignments_origin.csv
Combined stratum spread across folds,plotly_preview_png,/Volumes/ssd/thesis_organization/ndb_ufes_data_organizer/docs/assets/generated/plotly_previews/fold_combined_stratum_spread.png,/Volumes/ssd/thesis_organization/ndb_ufes_data_organizer/results/phase3_fold_creation/fold_assignments_origin.csv
Origin 0011 overlap bounding boxes,docs_png,/Volumes/ssd/thesis_organization/ndb_ufes_data_organizer/docs/assets/contamination/origin_0011_overlap_bbox.png,/Volumes/ssd/thesis_organization/ndb_ufes_data_organizer/data/ndb_ufes/patch_level/images/p0020.png; /Volumes/ssd/thesis_organization/ndb_ufes_data_organizer/data/ndb_ufes/patch_level/images/p0021.png
Origin 0011 overlap bounding boxes,thesis_png,/Volumes/ssd/thesis_organization/ndb_ufes_data_organizer/results/thesis_figures/origin_0011_overlap_bbox.png,/Volumes/ssd/thesis_organization/ndb_ufes_data_organizer/data/ndb_ufes/patch_level/images/p0020.png; /Volumes/ssd/thesis_organization/ndb_ufes_data_organizer/data/ndb_ufes/patch_level/images/p0021.png
Origin 0011 overlap bounding boxes,thesis_svg,/Volumes/ssd/thesis_organization/ndb_ufes_data_organizer/results/thesis_figures/origin_0011_overlap_bbox.svg,/Volumes/ssd/thesis_organization/ndb_ufes_data_organizer/data/ndb_ufes/patch_level/images/p0020.png; /Volumes/ssd/thesis_organization/ndb_ufes_data_organizer/data/ndb_ufes/patch_level/images/p0021.png
Origin 0011 overlap bounding boxes,thesis_pdf,/Volumes/ssd/thesis_organization/ndb_ufes_data_organizer/results/thesis_figures/origin_0011_overlap_bbox.pdf,/Volumes/ssd/thesis_organization/ndb_ufes_data_organizer/data/ndb_ufes/patch_level/images/p0020.png; /Volumes/ssd/thesis_organization/ndb_ufes_data_organizer/data/ndb_ufes/patch_level/images/p0021.png
