origin,patch,path
-1,p0003,data/ndb_ufes/patch/images/p0003.png
-1,p0010,data/ndb_ufes/patch/images/p0010.png
-1,p0011,data/ndb_ufes/patch/images/p0011.png
-1,p0012,data/ndb_ufes/patch/images/p0012.png
-1,p0038,data/ndb_ufes/patch/images/p0038.png
-1,p0039,data/ndb_ufes/patch/images/p0039.png
-1,p0040,data/ndb_ufes/patch/images/p0040.png
-1,p0041,data/ndb_ufes/patch/images/p0041.png
-1,p0057,data/ndb_ufes/patch/images/p0057.png
-1,p0126,data/ndb_ufes/patch/images/p0126.png
-1,p0127,data/ndb_ufes/patch/images/p0127.png
-1,p0128,data/ndb_ufes/patch/images/p0128.png
-1,p0129,data/ndb_ufes/patch/images/p0129.png
-1,p0130,data/ndb_ufes/patch/images/p0130.png
-1,p0131,data/ndb_ufes/patch/images/p0131.png
-1,p0132,data/ndb_ufes/patch/images/p0132.png
-1,p0133,data/ndb_ufes/patch/images/p0133.png
-1,p0158,data/ndb_ufes/patch/images/p0158.png
-1,p0159,data/ndb_ufes/patch/images/p0159.png
-1,p0160,data/ndb_ufes/patch/images/p0160.png
-1,p0161,data/ndb_ufes/patch/images/p0161.png
-1,p0162,data/ndb_ufes/patch/images/p0162.png
-1,p0163,data/ndb_ufes/patch/images/p0163.png
-1,p0164,data/ndb_ufes/patch/images/p0164.png
-1,p0313,data/ndb_ufes/patch/images/p0313.png
-1,p0314,data/ndb_ufes/patch/images/p0314.png
-1,p0315,data/ndb_ufes/patch/images/p0315.png
-1,p0316,data/ndb_ufes/patch/images/p0316.png
-1,p0317,data/ndb_ufes/patch/images/p0317.png
-1,p0318,data/ndb_ufes/patch/images/p0318.png
-1,p0319,data/ndb_ufes/patch/images/p0319.png
-1,p0320,data/ndb_ufes/patch/images/p0320.png
-1,p0432,data/ndb_ufes/patch/images/p0432.png
-1,p0433,data/ndb_ufes/patch/images/p0433.png
-1,p0434,data/ndb_ufes/patch/images/p0434.png
-1,p0435,data/ndb_ufes/patch/images/p0435.png
-1,p0436,data/ndb_ufes/patch/images/p0436.png
-1,p0437,data/ndb_ufes/patch/images/p0437.png
-1,p0438,data/ndb_ufes/patch/images/p0438.png
-1,p0439,data/ndb_ufes/patch/images/p0439.png
-1,p0554,data/ndb_ufes/patch/images/p0554.png
-1,p0571,data/ndb_ufes/patch/images/p0571.png
-1,p0638,data/ndb_ufes/patch/images/p0638.png
-1,p0639,data/ndb_ufes/patch/images/p0639.png
-1,p0640,data/ndb_ufes/patch/images/p0640.png
-1,p0641,data/ndb_ufes/patch/images/p0641.png
-1,p0642,data/ndb_ufes/patch/images/p0642.png
-1,p0643,data/ndb_ufes/patch/images/p0643.png
-1,p0644,data/ndb_ufes/patch/images/p0644.png
-1,p0645,data/ndb_ufes/patch/images/p0645.png
-1,p0646,data/ndb_ufes/patch/images/p0646.png
-1,p0647,data/ndb_ufes/patch/images/p0647.png
-1,p0648,data/ndb_ufes/patch/images/p0648.png
-1,p0649,data/ndb_ufes/patch/images/p0649.png
-1,p0650,data/ndb_ufes/patch/images/p0650.png
-1,p0651,data/ndb_ufes/patch/images/p0651.png
-1,p0652,data/ndb_ufes/patch/images/p0652.png
-1,p0653,data/ndb_ufes/patch/images/p0653.png
-1,p0654,data/ndb_ufes/patch/images/p0654.png
-1,p0655,data/ndb_ufes/patch/images/p0655.png
-1,p0656,data/ndb_ufes/patch/images/p0656.png
-1,p0657,data/ndb_ufes/patch/images/p0657.png
-1,p0658,data/ndb_ufes/patch/images/p0658.png
-1,p0659,data/ndb_ufes/patch/images/p0659.png
-1,p0660,data/ndb_ufes/patch/images/p0660.png
-1,p0661,data/ndb_ufes/patch/images/p0661.png
-1,p0662,data/ndb_ufes/patch/images/p0662.png
-1,p0663,data/ndb_ufes/patch/images/p0663.png
-1,p0664,data/ndb_ufes/patch/images/p0664.png
-1,p0665,data/ndb_ufes/patch/images/p0665.png
-1,p0666,data/ndb_ufes/patch/images/p0666.png
-1,p0667,data/ndb_ufes/patch/images/p0667.png
-1,p0668,data/ndb_ufes/patch/images/p0668.png
-1,p0713,data/ndb_ufes/patch/images/p0713.png
-1,p0714,data/ndb_ufes/patch/images/p0714.png
-1,p0715,data/ndb_ufes/patch/images/p0715.png
-1,p0716,data/ndb_ufes/patch/images/p0716.png
-1,p0717,data/ndb_ufes/patch/images/p0717.png
-1,p0718,data/ndb_ufes/patch/images/p0718.png
-1,p0719,data/ndb_ufes/patch/images/p0719.png
-1,p0785,data/ndb_ufes/patch/images/p0785.png
-1,p0786,data/ndb_ufes/patch/images/p0786.png
-1,p0787,data/ndb_ufes/patch/images/p0787.png
-1,p0788,data/ndb_ufes/patch/images/p0788.png
-1,p0789,data/ndb_ufes/patch/images/p0789.png
-1,p0790,data/ndb_ufes/patch/images/p0790.png
-1,p0791,data/ndb_ufes/patch/images/p0791.png
-1,p0792,data/ndb_ufes/patch/images/p0792.png
-1,p0793,data/ndb_ufes/patch/images/p0793.png
-1,p0794,data/ndb_ufes/patch/images/p0794.png
-1,p0870,data/ndb_ufes/patch/images/p0870.png
-1,p0871,data/ndb_ufes/patch/images/p0871.png
-1,p0872,data/ndb_ufes/patch/images/p0872.png
-1,p0873,data/ndb_ufes/patch/images/p0873.png
-1,p0874,data/ndb_ufes/patch/images/p0874.png
-1,p0875,data/ndb_ufes/patch/images/p0875.png
-1,p0876,data/ndb_ufes/patch/images/p0876.png
-1,p0877,data/ndb_ufes/patch/images/p0877.png
-1,p0878,data/ndb_ufes/patch/images/p0878.png
-1,p0879,data/ndb_ufes/patch/images/p0879.png
-1,p0880,data/ndb_ufes/patch/images/p0880.png
-1,p0881,data/ndb_ufes/patch/images/p0881.png
-1,p0882,data/ndb_ufes/patch/images/p0882.png
-1,p0883,data/ndb_ufes/patch/images/p0883.png
-1,p0884,data/ndb_ufes/patch/images/p0884.png
-1,p0885,data/ndb_ufes/patch/images/p0885.png
-1,p0892,data/ndb_ufes/patch/images/p0892.png
-1,p0893,data/ndb_ufes/patch/images/p0893.png
-1,p0894,data/ndb_ufes/patch/images/p0894.png
-1,p0895,data/ndb_ufes/patch/images/p0895.png
-1,p0896,data/ndb_ufes/patch/images/p0896.png
-1,p0897,data/ndb_ufes/patch/images/p0897.png
-1,p0898,data/ndb_ufes/patch/images/p0898.png
-1,p0899,data/ndb_ufes/patch/images/p0899.png
-1,p0900,data/ndb_ufes/patch/images/p0900.png
-1,p0901,data/ndb_ufes/patch/images/p0901.png
-1,p0902,data/ndb_ufes/patch/images/p0902.png
-1,p0903,data/ndb_ufes/patch/images/p0903.png
-1,p0904,data/ndb_ufes/patch/images/p0904.png
-1,p0905,data/ndb_ufes/patch/images/p0905.png
-1,p0906,data/ndb_ufes/patch/images/p0906.png
-1,p0946,data/ndb_ufes/patch/images/p0946.png
-1,p0947,data/ndb_ufes/patch/images/p0947.png
-1,p0948,data/ndb_ufes/patch/images/p0948.png
-1,p0966,data/ndb_ufes/patch/images/p0966.png
-1,p0997,data/ndb_ufes/patch/images/p0997.png
-1,p0998,data/ndb_ufes/patch/images/p0998.png
-1,p0999,data/ndb_ufes/patch/images/p0999.png
-1,p1000,data/ndb_ufes/patch/images/p1000.png
-1,p1001,data/ndb_ufes/patch/images/p1001.png
-1,p1002,data/ndb_ufes/patch/images/p1002.png
-1,p1017,data/ndb_ufes/patch/images/p1017.png
-1,p1018,data/ndb_ufes/patch/images/p1018.png
-1,p1078,data/ndb_ufes/patch/images/p1078.png
-1,p1137,data/ndb_ufes/patch/images/p1137.png
-1,p1138,data/ndb_ufes/patch/images/p1138.png
-1,p1139,data/ndb_ufes/patch/images/p1139.png
-1,p1162,data/ndb_ufes/patch/images/p1162.png
-1,p1172,data/ndb_ufes/patch/images/p1172.png
-1,p1173,data/ndb_ufes/patch/images/p1173.png
-1,p1174,data/ndb_ufes/patch/images/p1174.png
-1,p1175,data/ndb_ufes/patch/images/p1175.png
-1,p1192,data/ndb_ufes/patch/images/p1192.png
-1,p1265,data/ndb_ufes/patch/images/p1265.png
-1,p1266,data/ndb_ufes/patch/images/p1266.png
-1,p1267,data/ndb_ufes/patch/images/p1267.png
-1,p1268,data/ndb_ufes/patch/images/p1268.png
-1,p1269,data/ndb_ufes/patch/images/p1269.png
-1,p1270,data/ndb_ufes/patch/images/p1270.png
-1,p1271,data/ndb_ufes/patch/images/p1271.png
-1,p1272,data/ndb_ufes/patch/images/p1272.png
-1,p1273,data/ndb_ufes/patch/images/p1273.png
-1,p1274,data/ndb_ufes/patch/images/p1274.png
-1,p1275,data/ndb_ufes/patch/images/p1275.png
-1,p1276,data/ndb_ufes/patch/images/p1276.png
-1,p1277,data/ndb_ufes/patch/images/p1277.png
-1,p1278,data/ndb_ufes/patch/images/p1278.png
-1,p1279,data/ndb_ufes/patch/images/p1279.png
-1,p1280,data/ndb_ufes/patch/images/p1280.png
-1,p1281,data/ndb_ufes/patch/images/p1281.png
-1,p1282,data/ndb_ufes/patch/images/p1282.png
-1,p1283,data/ndb_ufes/patch/images/p1283.png
-1,p1284,data/ndb_ufes/patch/images/p1284.png
-1,p1285,data/ndb_ufes/patch/images/p1285.png
-1,p1286,data/ndb_ufes/patch/images/p1286.png
-1,p1287,data/ndb_ufes/patch/images/p1287.png
-1,p1324,data/ndb_ufes/patch/images/p1324.png
-1,p1325,data/ndb_ufes/patch/images/p1325.png
-1,p1326,data/ndb_ufes/patch/images/p1326.png
-1,p1378,data/ndb_ufes/patch/images/p1378.png
-1,p1379,data/ndb_ufes/patch/images/p1379.png
-1,p1380,data/ndb_ufes/patch/images/p1380.png
-1,p1381,data/ndb_ufes/patch/images/p1381.png
-1,p1382,data/ndb_ufes/patch/images/p1382.png
-1,p1383,data/ndb_ufes/patch/images/p1383.png
-1,p1384,data/ndb_ufes/patch/images/p1384.png
-1,p1385,data/ndb_ufes/patch/images/p1385.png
-1,p1386,data/ndb_ufes/patch/images/p1386.png
-1,p1387,data/ndb_ufes/patch/images/p1387.png
-1,p1388,data/ndb_ufes/patch/images/p1388.png
-1,p1453,data/ndb_ufes/patch/images/p1453.png
-1,p1456,data/ndb_ufes/patch/images/p1456.png
-1,p1457,data/ndb_ufes/patch/images/p1457.png
-1,p1458,data/ndb_ufes/patch/images/p1458.png
-1,p1459,data/ndb_ufes/patch/images/p1459.png
-1,p1460,data/ndb_ufes/patch/images/p1460.png
-1,p1461,data/ndb_ufes/patch/images/p1461.png
-1,p1462,data/ndb_ufes/patch/images/p1462.png
-1,p1463,data/ndb_ufes/patch/images/p1463.png
-1,p1464,data/ndb_ufes/patch/images/p1464.png
-1,p1465,data/ndb_ufes/patch/images/p1465.png
-1,p1466,data/ndb_ufes/patch/images/p1466.png
-1,p1469,data/ndb_ufes/patch/images/p1469.png
-1,p1470,data/ndb_ufes/patch/images/p1470.png
-1,p1471,data/ndb_ufes/patch/images/p1471.png
-1,p1472,data/ndb_ufes/patch/images/p1472.png
-1,p1473,data/ndb_ufes/patch/images/p1473.png
-1,p1474,data/ndb_ufes/patch/images/p1474.png
-1,p1475,data/ndb_ufes/patch/images/p1475.png
-1,p1476,data/ndb_ufes/patch/images/p1476.png
-1,p1477,data/ndb_ufes/patch/images/p1477.png
-1,p1478,data/ndb_ufes/patch/images/p1478.png
-1,p1502,data/ndb_ufes/patch/images/p1502.png
-1,p1503,data/ndb_ufes/patch/images/p1503.png
-1,p1504,data/ndb_ufes/patch/images/p1504.png
-1,p1505,data/ndb_ufes/patch/images/p1505.png
-1,p1506,data/ndb_ufes/patch/images/p1506.png
-1,p1507,data/ndb_ufes/patch/images/p1507.png
-1,p1508,data/ndb_ufes/patch/images/p1508.png
-1,p1509,data/ndb_ufes/patch/images/p1509.png
-1,p1510,data/ndb_ufes/patch/images/p1510.png
-1,p1511,data/ndb_ufes/patch/images/p1511.png
-1,p1512,data/ndb_ufes/patch/images/p1512.png
-1,p1513,data/ndb_ufes/patch/images/p1513.png
-1,p1562,data/ndb_ufes/patch/images/p1562.png
-1,p1569,data/ndb_ufes/patch/images/p1569.png
-1,p1570,data/ndb_ufes/patch/images/p1570.png
-1,p1574,data/ndb_ufes/patch/images/p1574.png
-1,p1575,data/ndb_ufes/patch/images/p1575.png
-1,p1576,data/ndb_ufes/patch/images/p1576.png
-1,p1577,data/ndb_ufes/patch/images/p1577.png
-1,p1578,data/ndb_ufes/patch/images/p1578.png
-1,p1597,data/ndb_ufes/patch/images/p1597.png
-1,p1598,data/ndb_ufes/patch/images/p1598.png
-1,p1599,data/ndb_ufes/patch/images/p1599.png
-1,p1600,data/ndb_ufes/patch/images/p1600.png
-1,p1601,data/ndb_ufes/patch/images/p1601.png
-1,p1602,data/ndb_ufes/patch/images/p1602.png
-1,p1603,data/ndb_ufes/patch/images/p1603.png
-1,p1604,data/ndb_ufes/patch/images/p1604.png
-1,p1605,data/ndb_ufes/patch/images/p1605.png
-1,p1606,data/ndb_ufes/patch/images/p1606.png
-1,p1607,data/ndb_ufes/patch/images/p1607.png
-1,p1608,data/ndb_ufes/patch/images/p1608.png
-1,p1609,data/ndb_ufes/patch/images/p1609.png
-1,p1610,data/ndb_ufes/patch/images/p1610.png
-1,p1611,data/ndb_ufes/patch/images/p1611.png
-1,p1612,data/ndb_ufes/patch/images/p1612.png
-1,p1687,data/ndb_ufes/patch/images/p1687.png
-1,p1688,data/ndb_ufes/patch/images/p1688.png
-1,p1689,data/ndb_ufes/patch/images/p1689.png
-1,p1690,data/ndb_ufes/patch/images/p1690.png
-1,p1691,data/ndb_ufes/patch/images/p1691.png
-1,p1692,data/ndb_ufes/patch/images/p1692.png
-1,p1693,data/ndb_ufes/patch/images/p1693.png
-1,p1694,data/ndb_ufes/patch/images/p1694.png
-1,p1695,data/ndb_ufes/patch/images/p1695.png
-1,p1696,data/ndb_ufes/patch/images/p1696.png
-1,p1697,data/ndb_ufes/patch/images/p1697.png
-1,p1698,data/ndb_ufes/patch/images/p1698.png
-1,p1699,data/ndb_ufes/patch/images/p1699.png
-1,p1700,data/ndb_ufes/patch/images/p1700.png
-1,p1701,data/ndb_ufes/patch/images/p1701.png
-1,p1702,data/ndb_ufes/patch/images/p1702.png
-1,p1703,data/ndb_ufes/patch/images/p1703.png
-1,p1704,data/ndb_ufes/patch/images/p1704.png
-1,p1718,data/ndb_ufes/patch/images/p1718.png
-1,p1719,data/ndb_ufes/patch/images/p1719.png
-1,p1720,data/ndb_ufes/patch/images/p1720.png
-1,p1721,data/ndb_ufes/patch/images/p1721.png
-1,p1722,data/ndb_ufes/patch/images/p1722.png
-1,p1723,data/ndb_ufes/patch/images/p1723.png
-1,p1724,data/ndb_ufes/patch/images/p1724.png
-1,p1725,data/ndb_ufes/patch/images/p1725.png
-1,p1726,data/ndb_ufes/patch/images/p1726.png
-1,p1727,data/ndb_ufes/patch/images/p1727.png
-1,p1728,data/ndb_ufes/patch/images/p1728.png
-1,p1729,data/ndb_ufes/patch/images/p1729.png
-1,p1730,data/ndb_ufes/patch/images/p1730.png
-1,p1731,data/ndb_ufes/patch/images/p1731.png
-1,p1732,data/ndb_ufes/patch/images/p1732.png
-1,p1733,data/ndb_ufes/patch/images/p1733.png
-1,p1734,data/ndb_ufes/patch/images/p1734.png
-1,p1735,data/ndb_ufes/patch/images/p1735.png
-1,p1736,data/ndb_ufes/patch/images/p1736.png
-1,p1737,data/ndb_ufes/patch/images/p1737.png
-1,p1738,data/ndb_ufes/patch/images/p1738.png
-1,p1739,data/ndb_ufes/patch/images/p1739.png
-1,p1815,data/ndb_ufes/patch/images/p1815.png
-1,p1816,data/ndb_ufes/patch/images/p1816.png
-1,p1817,data/ndb_ufes/patch/images/p1817.png
-1,p1818,data/ndb_ufes/patch/images/p1818.png
-1,p1819,data/ndb_ufes/patch/images/p1819.png
-1,p1820,data/ndb_ufes/patch/images/p1820.png
-1,p1821,data/ndb_ufes/patch/images/p1821.png
-1,p1822,data/ndb_ufes/patch/images/p1822.png
-1,p1823,data/ndb_ufes/patch/images/p1823.png
-1,p1854,data/ndb_ufes/patch/images/p1854.png
-1,p1855,data/ndb_ufes/patch/images/p1855.png
-1,p1856,data/ndb_ufes/patch/images/p1856.png
-1,p1857,data/ndb_ufes/patch/images/p1857.png
-1,p1858,data/ndb_ufes/patch/images/p1858.png
-1,p1859,data/ndb_ufes/patch/images/p1859.png
-1,p1860,data/ndb_ufes/patch/images/p1860.png
-1,p1861,data/ndb_ufes/patch/images/p1861.png
-1,p1862,data/ndb_ufes/patch/images/p1862.png
-1,p1863,data/ndb_ufes/patch/images/p1863.png
-1,p1864,data/ndb_ufes/patch/images/p1864.png
-1,p1865,data/ndb_ufes/patch/images/p1865.png
-1,p1898,data/ndb_ufes/patch/images/p1898.png
-1,p1899,data/ndb_ufes/patch/images/p1899.png
-1,p1900,data/ndb_ufes/patch/images/p1900.png
-1,p1901,data/ndb_ufes/patch/images/p1901.png
-1,p1902,data/ndb_ufes/patch/images/p1902.png
-1,p1903,data/ndb_ufes/patch/images/p1903.png
-1,p1904,data/ndb_ufes/patch/images/p1904.png
-1,p1905,data/ndb_ufes/patch/images/p1905.png
-1,p1906,data/ndb_ufes/patch/images/p1906.png
-1,p1907,data/ndb_ufes/patch/images/p1907.png
-1,p1908,data/ndb_ufes/patch/images/p1908.png
-1,p1909,data/ndb_ufes/patch/images/p1909.png
-1,p1910,data/ndb_ufes/patch/images/p1910.png
-1,p1911,data/ndb_ufes/patch/images/p1911.png
-1,p1912,data/ndb_ufes/patch/images/p1912.png
-1,p1913,data/ndb_ufes/patch/images/p1913.png
-1,p1914,data/ndb_ufes/patch/images/p1914.png
-1,p1915,data/ndb_ufes/patch/images/p1915.png
-1,p1916,data/ndb_ufes/patch/images/p1916.png
-1,p1917,data/ndb_ufes/patch/images/p1917.png
-1,p1958,data/ndb_ufes/patch/images/p1958.png
-1,p1975,data/ndb_ufes/patch/images/p1975.png
-1,p1976,data/ndb_ufes/patch/images/p1976.png
-1,p1977,data/ndb_ufes/patch/images/p1977.png
-1,p1978,data/ndb_ufes/patch/images/p1978.png
-1,p1979,data/ndb_ufes/patch/images/p1979.png
-1,p1980,data/ndb_ufes/patch/images/p1980.png
-1,p2084,data/ndb_ufes/patch/images/p2084.png
-1,p2093,data/ndb_ufes/patch/images/p2093.png
-1,p2094,data/ndb_ufes/patch/images/p2094.png
-1,p2095,data/ndb_ufes/patch/images/p2095.png
-1,p2096,data/ndb_ufes/patch/images/p2096.png
-1,p2097,data/ndb_ufes/patch/images/p2097.png
-1,p2098,data/ndb_ufes/patch/images/p2098.png
-1,p2099,data/ndb_ufes/patch/images/p2099.png
-1,p2100,data/ndb_ufes/patch/images/p2100.png
-1,p2101,data/ndb_ufes/patch/images/p2101.png
-1,p2102,data/ndb_ufes/patch/images/p2102.png
-1,p2103,data/ndb_ufes/patch/images/p2103.png
-1,p2104,data/ndb_ufes/patch/images/p2104.png
-1,p2105,data/ndb_ufes/patch/images/p2105.png
-1,p2106,data/ndb_ufes/patch/images/p2106.png
-1,p2107,data/ndb_ufes/patch/images/p2107.png
-1,p2108,data/ndb_ufes/patch/images/p2108.png
-1,p2109,data/ndb_ufes/patch/images/p2109.png
-1,p2110,data/ndb_ufes/patch/images/p2110.png
-1,p2111,data/ndb_ufes/patch/images/p2111.png
-1,p2112,data/ndb_ufes/patch/images/p2112.png
-1,p2113,data/ndb_ufes/patch/images/p2113.png
-1,p2114,data/ndb_ufes/patch/images/p2114.png
-1,p2115,data/ndb_ufes/patch/images/p2115.png
-1,p2116,data/ndb_ufes/patch/images/p2116.png
-1,p2117,data/ndb_ufes/patch/images/p2117.png
-1,p2129,data/ndb_ufes/patch/images/p2129.png
-1,p2130,data/ndb_ufes/patch/images/p2130.png
-1,p2131,data/ndb_ufes/patch/images/p2131.png
-1,p2132,data/ndb_ufes/patch/images/p2132.png
-1,p2133,data/ndb_ufes/patch/images/p2133.png
-1,p2134,data/ndb_ufes/patch/images/p2134.png
-1,p2135,data/ndb_ufes/patch/images/p2135.png
-1,p2136,data/ndb_ufes/patch/images/p2136.png
-1,p2137,data/ndb_ufes/patch/images/p2137.png
-1,p2138,data/ndb_ufes/patch/images/p2138.png
-1,p2139,data/ndb_ufes/patch/images/p2139.png
-1,p2140,data/ndb_ufes/patch/images/p2140.png
-1,p2141,data/ndb_ufes/patch/images/p2141.png
-1,p2142,data/ndb_ufes/patch/images/p2142.png
-1,p2143,data/ndb_ufes/patch/images/p2143.png
-1,p2144,data/ndb_ufes/patch/images/p2144.png
-1,p2145,data/ndb_ufes/patch/images/p2145.png
-1,p2269,data/ndb_ufes/patch/images/p2269.png
-1,p2270,data/ndb_ufes/patch/images/p2270.png
-1,p2271,data/ndb_ufes/patch/images/p2271.png
-1,p2272,data/ndb_ufes/patch/images/p2272.png
-1,p2273,data/ndb_ufes/patch/images/p2273.png
-1,p2274,data/ndb_ufes/patch/images/p2274.png
-1,p2275,data/ndb_ufes/patch/images/p2275.png
-1,p2276,data/ndb_ufes/patch/images/p2276.png
-1,p2277,data/ndb_ufes/patch/images/p2277.png
-1,p2278,data/ndb_ufes/patch/images/p2278.png
-1,p2279,data/ndb_ufes/patch/images/p2279.png
-1,p2280,data/ndb_ufes/patch/images/p2280.png
-1,p2281,data/ndb_ufes/patch/images/p2281.png
-1,p2282,data/ndb_ufes/patch/images/p2282.png
-1,p2283,data/ndb_ufes/patch/images/p2283.png
-1,p2284,data/ndb_ufes/patch/images/p2284.png
-1,p2285,data/ndb_ufes/patch/images/p2285.png
-1,p2286,data/ndb_ufes/patch/images/p2286.png
-1,p2287,data/ndb_ufes/patch/images/p2287.png
-1,p2288,data/ndb_ufes/patch/images/p2288.png
-1,p2289,data/ndb_ufes/patch/images/p2289.png
-1,p2290,data/ndb_ufes/patch/images/p2290.png
-1,p2291,data/ndb_ufes/patch/images/p2291.png
-1,p2304,data/ndb_ufes/patch/images/p2304.png
-1,p2305,data/ndb_ufes/patch/images/p2305.png
-1,p2306,data/ndb_ufes/patch/images/p2306.png
-1,p2307,data/ndb_ufes/patch/images/p2307.png
-1,p2308,data/ndb_ufes/patch/images/p2308.png
-1,p2309,data/ndb_ufes/patch/images/p2309.png
-1,p2310,data/ndb_ufes/patch/images/p2310.png
-1,p2311,data/ndb_ufes/patch/images/p2311.png
-1,p2312,data/ndb_ufes/patch/images/p2312.png
-1,p2313,data/ndb_ufes/patch/images/p2313.png
-1,p2314,data/ndb_ufes/patch/images/p2314.png
-1,p2331,data/ndb_ufes/patch/images/p2331.png
-1,p2425,data/ndb_ufes/patch/images/p2425.png
-1,p2426,data/ndb_ufes/patch/images/p2426.png
-1,p2427,data/ndb_ufes/patch/images/p2427.png
-1,p2428,data/ndb_ufes/patch/images/p2428.png
-1,p2429,data/ndb_ufes/patch/images/p2429.png
-1,p2430,data/ndb_ufes/patch/images/p2430.png
-1,p2431,data/ndb_ufes/patch/images/p2431.png
-1,p2432,data/ndb_ufes/patch/images/p2432.png
-1,p2433,data/ndb_ufes/patch/images/p2433.png
-1,p2434,data/ndb_ufes/patch/images/p2434.png
-1,p2435,data/ndb_ufes/patch/images/p2435.png
-1,p2436,data/ndb_ufes/patch/images/p2436.png
-1,p2437,data/ndb_ufes/patch/images/p2437.png
-1,p2438,data/ndb_ufes/patch/images/p2438.png
-1,p2439,data/ndb_ufes/patch/images/p2439.png
-1,p2440,data/ndb_ufes/patch/images/p2440.png
-1,p2441,data/ndb_ufes/patch/images/p2441.png
-1,p2442,data/ndb_ufes/patch/images/p2442.png
-1,p2500,data/ndb_ufes/patch/images/p2500.png
-1,p2501,data/ndb_ufes/patch/images/p2501.png
-1,p2502,data/ndb_ufes/patch/images/p2502.png
-1,p2503,data/ndb_ufes/patch/images/p2503.png
-1,p2504,data/ndb_ufes/patch/images/p2504.png
-1,p2505,data/ndb_ufes/patch/images/p2505.png
-1,p2506,data/ndb_ufes/patch/images/p2506.png
-1,p2507,data/ndb_ufes/patch/images/p2507.png
-1,p2508,data/ndb_ufes/patch/images/p2508.png
-1,p2509,data/ndb_ufes/patch/images/p2509.png
-1,p2510,data/ndb_ufes/patch/images/p2510.png
-1,p2511,data/ndb_ufes/patch/images/p2511.png
-1,p2512,data/ndb_ufes/patch/images/p2512.png
-1,p2513,data/ndb_ufes/patch/images/p2513.png
-1,p2514,data/ndb_ufes/patch/images/p2514.png
-1,p2515,data/ndb_ufes/patch/images/p2515.png
-1,p2516,data/ndb_ufes/patch/images/p2516.png
-1,p2517,data/ndb_ufes/patch/images/p2517.png
-1,p2518,data/ndb_ufes/patch/images/p2518.png
-1,p2519,data/ndb_ufes/patch/images/p2519.png
-1,p2520,data/ndb_ufes/patch/images/p2520.png
-1,p2521,data/ndb_ufes/patch/images/p2521.png
-1,p2522,data/ndb_ufes/patch/images/p2522.png
-1,p2523,data/ndb_ufes/patch/images/p2523.png
-1,p2524,data/ndb_ufes/patch/images/p2524.png
-1,p2525,data/ndb_ufes/patch/images/p2525.png
-1,p2526,data/ndb_ufes/patch/images/p2526.png
-1,p2527,data/ndb_ufes/patch/images/p2527.png
-1,p2528,data/ndb_ufes/patch/images/p2528.png
-1,p2529,data/ndb_ufes/patch/images/p2529.png
-1,p2530,data/ndb_ufes/patch/images/p2530.png
-1,p2531,data/ndb_ufes/patch/images/p2531.png
-1,p2532,data/ndb_ufes/patch/images/p2532.png
-1,p2533,data/ndb_ufes/patch/images/p2533.png
-1,p2534,data/ndb_ufes/patch/images/p2534.png
-1,p2535,data/ndb_ufes/patch/images/p2535.png
-1,p2536,data/ndb_ufes/patch/images/p2536.png
-1,p2537,data/ndb_ufes/patch/images/p2537.png
-1,p2538,data/ndb_ufes/patch/images/p2538.png
-1,p2539,data/ndb_ufes/patch/images/p2539.png
-1,p2540,data/ndb_ufes/patch/images/p2540.png
-1,p2541,data/ndb_ufes/patch/images/p2541.png
-1,p2542,data/ndb_ufes/patch/images/p2542.png
-1,p2543,data/ndb_ufes/patch/images/p2543.png
-1,p2544,data/ndb_ufes/patch/images/p2544.png
-1,p2545,data/ndb_ufes/patch/images/p2545.png
-1,p2546,data/ndb_ufes/patch/images/p2546.png
-1,p2547,data/ndb_ufes/patch/images/p2547.png
-1,p2548,data/ndb_ufes/patch/images/p2548.png
-1,p2549,data/ndb_ufes/patch/images/p2549.png
-1,p2550,data/ndb_ufes/patch/images/p2550.png
-1,p2551,data/ndb_ufes/patch/images/p2551.png
-1,p2552,data/ndb_ufes/patch/images/p2552.png
-1,p2553,data/ndb_ufes/patch/images/p2553.png
-1,p2554,data/ndb_ufes/patch/images/p2554.png
-1,p2555,data/ndb_ufes/patch/images/p2555.png
-1,p2556,data/ndb_ufes/patch/images/p2556.png
-1,p2557,data/ndb_ufes/patch/images/p2557.png
-1,p2651,data/ndb_ufes/patch/images/p2651.png
-1,p2762,data/ndb_ufes/patch/images/p2762.png
-1,p2763,data/ndb_ufes/patch/images/p2763.png
-1,p2764,data/ndb_ufes/patch/images/p2764.png
-1,p2765,data/ndb_ufes/patch/images/p2765.png
-1,p2766,data/ndb_ufes/patch/images/p2766.png
-1,p2767,data/ndb_ufes/patch/images/p2767.png
-1,p2768,data/ndb_ufes/patch/images/p2768.png
-1,p2769,data/ndb_ufes/patch/images/p2769.png
-1,p2770,data/ndb_ufes/patch/images/p2770.png
-1,p2771,data/ndb_ufes/patch/images/p2771.png
-1,p2772,data/ndb_ufes/patch/images/p2772.png
-1,p2773,data/ndb_ufes/patch/images/p2773.png
-1,p2774,data/ndb_ufes/patch/images/p2774.png
-1,p2775,data/ndb_ufes/patch/images/p2775.png
-1,p2776,data/ndb_ufes/patch/images/p2776.png
-1,p2777,data/ndb_ufes/patch/images/p2777.png
-1,p2778,data/ndb_ufes/patch/images/p2778.png
-1,p2779,data/ndb_ufes/patch/images/p2779.png
-1,p2780,data/ndb_ufes/patch/images/p2780.png
-1,p2781,data/ndb_ufes/patch/images/p2781.png
-1,p2782,data/ndb_ufes/patch/images/p2782.png
-1,p2783,data/ndb_ufes/patch/images/p2783.png
-1,p2784,data/ndb_ufes/patch/images/p2784.png
-1,p2832,data/ndb_ufes/patch/images/p2832.png
-1,p2840,data/ndb_ufes/patch/images/p2840.png
-1,p2842,data/ndb_ufes/patch/images/p2842.png
-1,p2843,data/ndb_ufes/patch/images/p2843.png
-1,p2844,data/ndb_ufes/patch/images/p2844.png
-1,p2845,data/ndb_ufes/patch/images/p2845.png
-1,p2846,data/ndb_ufes/patch/images/p2846.png
-1,p2847,data/ndb_ufes/patch/images/p2847.png
-1,p2848,data/ndb_ufes/patch/images/p2848.png
-1,p2849,data/ndb_ufes/patch/images/p2849.png
-1,p2871,data/ndb_ufes/patch/images/p2871.png
-1,p2872,data/ndb_ufes/patch/images/p2872.png
-1,p2888,data/ndb_ufes/patch/images/p2888.png
-1,p2891,data/ndb_ufes/patch/images/p2891.png
-1,p2899,data/ndb_ufes/patch/images/p2899.png
-1,p2900,data/ndb_ufes/patch/images/p2900.png
-1,p2901,data/ndb_ufes/patch/images/p2901.png
-1,p2908,data/ndb_ufes/patch/images/p2908.png
-1,p2916,data/ndb_ufes/patch/images/p2916.png
-1,p2924,data/ndb_ufes/patch/images/p2924.png
-1,p2928,data/ndb_ufes/patch/images/p2928.png
-1,p2941,data/ndb_ufes/patch/images/p2941.png
-1,p2942,data/ndb_ufes/patch/images/p2942.png
-1,p2965,data/ndb_ufes/patch/images/p2965.png
-1,p2966,data/ndb_ufes/patch/images/p2966.png
-1,p2979,data/ndb_ufes/patch/images/p2979.png
-1,p2980,data/ndb_ufes/patch/images/p2980.png
-1,p2981,data/ndb_ufes/patch/images/p2981.png
-1,p2994,data/ndb_ufes/patch/images/p2994.png
-1,p2995,data/ndb_ufes/patch/images/p2995.png
-1,p2998,data/ndb_ufes/patch/images/p2998.png
-1,p2999,data/ndb_ufes/patch/images/p2999.png
-1,p3005,data/ndb_ufes/patch/images/p3005.png
-1,p3010,data/ndb_ufes/patch/images/p3010.png
-1,p3011,data/ndb_ufes/patch/images/p3011.png
-1,p3012,data/ndb_ufes/patch/images/p3012.png
-1,p3016,data/ndb_ufes/patch/images/p3016.png
-1,p3019,data/ndb_ufes/patch/images/p3019.png
-1,p3020,data/ndb_ufes/patch/images/p3020.png
-1,p3021,data/ndb_ufes/patch/images/p3021.png
-1,p3030,data/ndb_ufes/patch/images/p3030.png
-1,p3033,data/ndb_ufes/patch/images/p3033.png
-1,p3037,data/ndb_ufes/patch/images/p3037.png
-1,p3038,data/ndb_ufes/patch/images/p3038.png
-1,p3063,data/ndb_ufes/patch/images/p3063.png
-1,p3064,data/ndb_ufes/patch/images/p3064.png
-1,p3065,data/ndb_ufes/patch/images/p3065.png
-1,p3077,data/ndb_ufes/patch/images/p3077.png
-1,p3079,data/ndb_ufes/patch/images/p3079.png
-1,p3095,data/ndb_ufes/patch/images/p3095.png
-1,p3096,data/ndb_ufes/patch/images/p3096.png
-1,p3103,data/ndb_ufes/patch/images/p3103.png
-1,p3104,data/ndb_ufes/patch/images/p3104.png
-1,p3124,data/ndb_ufes/patch/images/p3124.png
-1,p3125,data/ndb_ufes/patch/images/p3125.png
-1,p3126,data/ndb_ufes/patch/images/p3126.png
-1,p3137,data/ndb_ufes/patch/images/p3137.png
-1,p3138,data/ndb_ufes/patch/images/p3138.png
-1,p3142,data/ndb_ufes/patch/images/p3142.png
-1,p3147,data/ndb_ufes/patch/images/p3147.png
-1,p3148,data/ndb_ufes/patch/images/p3148.png
-1,p3161,data/ndb_ufes/patch/images/p3161.png
-1,p3162,data/ndb_ufes/patch/images/p3162.png
-1,p3186,data/ndb_ufes/patch/images/p3186.png
-1,p3187,data/ndb_ufes/patch/images/p3187.png
-1,p3216,data/ndb_ufes/patch/images/p3216.png
-1,p3217,data/ndb_ufes/patch/images/p3217.png
-1,p3242,data/ndb_ufes/patch/images/p3242.png
-1,p3259,data/ndb_ufes/patch/images/p3259.png
-1,p3260,data/ndb_ufes/patch/images/p3260.png
-1,p3261,data/ndb_ufes/patch/images/p3261.png
-1,p3262,data/ndb_ufes/patch/images/p3262.png
-1,p3282,data/ndb_ufes/patch/images/p3282.png
-1,p3289,data/ndb_ufes/patch/images/p3289.png
-1,p3304,data/ndb_ufes/patch/images/p3304.png
-1,p3305,data/ndb_ufes/patch/images/p3305.png
-1,p3306,data/ndb_ufes/patch/images/p3306.png
-1,p3307,data/ndb_ufes/patch/images/p3307.png
-1,p3308,data/ndb_ufes/patch/images/p3308.png
-1,p3311,data/ndb_ufes/patch/images/p3311.png
-1,p3312,data/ndb_ufes/patch/images/p3312.png
-1,p3320,data/ndb_ufes/patch/images/p3320.png
-1,p3338,data/ndb_ufes/patch/images/p3338.png
-1,p3349,data/ndb_ufes/patch/images/p3349.png
-1,p3383,data/ndb_ufes/patch/images/p3383.png
-1,p3384,data/ndb_ufes/patch/images/p3384.png
-1,p3385,data/ndb_ufes/patch/images/p3385.png
-1,p3386,data/ndb_ufes/patch/images/p3386.png
-1,p3387,data/ndb_ufes/patch/images/p3387.png
-1,p3388,data/ndb_ufes/patch/images/p3388.png
-1,p3392,data/ndb_ufes/patch/images/p3392.png
-1,p3393,data/ndb_ufes/patch/images/p3393.png
-1,p3394,data/ndb_ufes/patch/images/p3394.png
-1,p3406,data/ndb_ufes/patch/images/p3406.png
-1,p3407,data/ndb_ufes/patch/images/p3407.png
-1,p3422,data/ndb_ufes/patch/images/p3422.png
-1,p3423,data/ndb_ufes/patch/images/p3423.png
-1,p3424,data/ndb_ufes/patch/images/p3424.png
-1,p3425,data/ndb_ufes/patch/images/p3425.png
-1,p3426,data/ndb_ufes/patch/images/p3426.png
-1,p3427,data/ndb_ufes/patch/images/p3427.png
-1,p3442,data/ndb_ufes/patch/images/p3442.png
-1,p3445,data/ndb_ufes/patch/images/p3445.png
-1,p3446,data/ndb_ufes/patch/images/p3446.png
-1,p3447,data/ndb_ufes/patch/images/p3447.png
-1,p3448,data/ndb_ufes/patch/images/p3448.png
-1,p3449,data/ndb_ufes/patch/images/p3449.png
-1,p3461,data/ndb_ufes/patch/images/p3461.png
-1,p3462,data/ndb_ufes/patch/images/p3462.png
-1,p3463,data/ndb_ufes/patch/images/p3463.png
-1,p3464,data/ndb_ufes/patch/images/p3464.png
-1,p3465,data/ndb_ufes/patch/images/p3465.png
-1,p3472,data/ndb_ufes/patch/images/p3472.png
-1,p3473,data/ndb_ufes/patch/images/p3473.png
-1,p3474,data/ndb_ufes/patch/images/p3474.png
-1,p3475,data/ndb_ufes/patch/images/p3475.png
-1,p3476,data/ndb_ufes/patch/images/p3476.png
-1,p3480,data/ndb_ufes/patch/images/p3480.png
-1,p3490,data/ndb_ufes/patch/images/p3490.png
-1,p3491,data/ndb_ufes/patch/images/p3491.png
-1,p3497,data/ndb_ufes/patch/images/p3497.png
-1,p3498,data/ndb_ufes/patch/images/p3498.png
-1,p3507,data/ndb_ufes/patch/images/p3507.png
-1,p3518,data/ndb_ufes/patch/images/p3518.png
-1,p3519,data/ndb_ufes/patch/images/p3519.png
-1,p3520,data/ndb_ufes/patch/images/p3520.png
-1,p3545,data/ndb_ufes/patch/images/p3545.png
-1,p3546,data/ndb_ufes/patch/images/p3546.png
-1,p3547,data/ndb_ufes/patch/images/p3547.png
-1,p3548,data/ndb_ufes/patch/images/p3548.png
-1,p3552,data/ndb_ufes/patch/images/p3552.png
-1,p3553,data/ndb_ufes/patch/images/p3553.png
-1,p3554,data/ndb_ufes/patch/images/p3554.png
-1,p3575,data/ndb_ufes/patch/images/p3575.png
-1,p3576,data/ndb_ufes/patch/images/p3576.png
-1,p3577,data/ndb_ufes/patch/images/p3577.png
-1,p3578,data/ndb_ufes/patch/images/p3578.png
-1,p3579,data/ndb_ufes/patch/images/p3579.png
-1,p3580,data/ndb_ufes/patch/images/p3580.png
-1,p3583,data/ndb_ufes/patch/images/p3583.png
-1,p3606,data/ndb_ufes/patch/images/p3606.png
-1,p3622,data/ndb_ufes/patch/images/p3622.png
-1,p3623,data/ndb_ufes/patch/images/p3623.png
-1,p3624,data/ndb_ufes/patch/images/p3624.png
-1,p3625,data/ndb_ufes/patch/images/p3625.png
-1,p3626,data/ndb_ufes/patch/images/p3626.png
-1,p3627,data/ndb_ufes/patch/images/p3627.png
-1,p3628,data/ndb_ufes/patch/images/p3628.png
-1,p3629,data/ndb_ufes/patch/images/p3629.png
-1,p3633,data/ndb_ufes/patch/images/p3633.png
-1,p3634,data/ndb_ufes/patch/images/p3634.png
-1,p3650,data/ndb_ufes/patch/images/p3650.png
-1,p3674,data/ndb_ufes/patch/images/p3674.png
-1,p3675,data/ndb_ufes/patch/images/p3675.png
-1,p3676,data/ndb_ufes/patch/images/p3676.png
-1,p3677,data/ndb_ufes/patch/images/p3677.png
-1,p3678,data/ndb_ufes/patch/images/p3678.png
-1,p3679,data/ndb_ufes/patch/images/p3679.png
-1,p3680,data/ndb_ufes/patch/images/p3680.png
-1,p3681,data/ndb_ufes/patch/images/p3681.png
-1,p3691,data/ndb_ufes/patch/images/p3691.png
-1,p3692,data/ndb_ufes/patch/images/p3692.png
-1,p3715,data/ndb_ufes/patch/images/p3715.png
-1,p3720,data/ndb_ufes/patch/images/p3720.png
-1,p3721,data/ndb_ufes/patch/images/p3721.png
-1,p3723,data/ndb_ufes/patch/images/p3723.png
-1,p3724,data/ndb_ufes/patch/images/p3724.png
-1,p3726,data/ndb_ufes/patch/images/p3726.png
-1,p3743,data/ndb_ufes/patch/images/p3743.png
-1,p3761,data/ndb_ufes/patch/images/p3761.png
