experiment,model,fold,validation_selected_fold,series,epoch,loss
Experiment 1,DenseNet-121,0,False,training,1,0.841835950811704
Experiment 1,DenseNet-121,0,False,training,2,0.6887419344413848
Experiment 1,DenseNet-121,0,False,training,3,0.5973630643316677
Experiment 1,DenseNet-121,0,False,training,4,0.5460384965297722
Experiment 1,DenseNet-121,0,False,training,5,0.5169840518917356
Experiment 1,DenseNet-121,0,False,training,6,0.45471514921103207
Experiment 1,DenseNet-121,0,False,training,7,0.4319911056331226
Experiment 1,DenseNet-121,0,False,training,8,0.4113175445014522
Experiment 1,DenseNet-121,0,False,training,9,0.40589985411081997
Experiment 1,DenseNet-121,0,False,training,10,0.36509125183026
Experiment 1,DenseNet-121,0,False,training,11,0.3701371797138736
Experiment 1,DenseNet-121,0,False,training,12,0.31666343730120433
Experiment 1,DenseNet-121,0,False,training,13,0.302259475436239
Experiment 1,DenseNet-121,0,False,training,14,0.3131911930228983
Experiment 1,DenseNet-121,0,False,training,15,0.270279654878236
Experiment 1,DenseNet-121,0,False,training,16,0.29786524966004346
Experiment 1,DenseNet-121,0,False,training,17,0.2965387835921276
Experiment 1,DenseNet-121,0,False,training,18,0.2749303203253519
Experiment 1,DenseNet-121,0,False,training,19,0.3005461228035745
Experiment 1,DenseNet-121,0,False,training,20,0.27532446819047135
Experiment 1,DenseNet-121,0,False,training,21,0.2468432599589938
Experiment 1,DenseNet-121,0,False,training,22,0.22892817349306174
Experiment 1,DenseNet-121,0,False,training,23,0.18620173624228864
Experiment 1,DenseNet-121,0,False,training,24,0.2230942669723715
Experiment 1,DenseNet-121,0,False,training,25,0.19427793273436172
Experiment 1,DenseNet-121,0,False,training,26,0.17688603734686262
Experiment 1,DenseNet-121,0,False,training,27,0.16008668823078984
Experiment 1,DenseNet-121,0,False,training,28,0.15524434559934197
Experiment 1,DenseNet-121,0,False,training,29,0.16118525039582027
Experiment 1,DenseNet-121,0,False,training,30,0.1641304155456878
Experiment 1,DenseNet-121,0,False,training,31,0.17126207359667336
Experiment 1,DenseNet-121,0,False,training,32,0.1544939245851267
Experiment 1,DenseNet-121,0,False,training,33,0.15383457210624502
Experiment 1,DenseNet-121,0,False,training,34,0.15522985630446956
Experiment 1,DenseNet-121,0,False,training,35,0.159226514421226
Experiment 1,DenseNet-121,0,False,training,36,0.1457932853539075
Experiment 1,DenseNet-121,0,False,training,37,0.17464286618910374
Experiment 1,DenseNet-121,0,False,training,38,0.15065245729471957
Experiment 1,DenseNet-121,0,False,training,39,0.13396325312732232
Experiment 1,DenseNet-121,0,False,training,40,0.140374607495254
Experiment 1,DenseNet-121,0,False,training,41,0.15930404953126395
Experiment 1,DenseNet-121,0,False,training,42,0.15236413709464527
Experiment 1,DenseNet-121,0,False,training,43,0.1409762774017595
Experiment 1,DenseNet-121,0,False,training,44,0.14740024005905503
Experiment 1,DenseNet-121,0,False,validation,1,0.6429767814420518
Experiment 1,DenseNet-121,0,False,validation,2,0.5100335634890056
Experiment 1,DenseNet-121,0,False,validation,3,0.5026065614961442
Experiment 1,DenseNet-121,0,False,validation,4,0.46201248325052713
Experiment 1,DenseNet-121,0,False,validation,5,0.4431111528759911
Experiment 1,DenseNet-121,0,False,validation,6,0.412013892971334
Experiment 1,DenseNet-121,0,False,validation,7,0.3631256662663959
Experiment 1,DenseNet-121,0,False,validation,8,0.404311165923164
Experiment 1,DenseNet-121,0,False,validation,9,0.33832803687879015
Experiment 1,DenseNet-121,0,False,validation,10,0.38133603902090163
Experiment 1,DenseNet-121,0,False,validation,11,0.3562348563046682
Experiment 1,DenseNet-121,0,False,validation,12,0.34126928076148033
Experiment 1,DenseNet-121,0,False,validation,13,0.3135355891925948
Experiment 1,DenseNet-121,0,False,validation,14,0.31927857778611635
Experiment 1,DenseNet-121,0,False,validation,15,0.3278103685449986
Experiment 1,DenseNet-121,0,False,validation,16,0.37886742325056166
Experiment 1,DenseNet-121,0,False,validation,17,0.44142336682194755
Experiment 1,DenseNet-121,0,False,validation,18,0.32891114787863834
Experiment 1,DenseNet-121,0,False,validation,19,0.3742951958750685
Experiment 1,DenseNet-121,0,False,validation,20,0.32964571350298466
Experiment 1,DenseNet-121,0,False,validation,21,0.37804848745110486
Experiment 1,DenseNet-121,0,False,validation,22,0.31753954521956895
Experiment 1,DenseNet-121,0,False,validation,23,0.319073753342742
Experiment 1,DenseNet-121,0,False,validation,24,0.32953685074157657
Experiment 1,DenseNet-121,0,False,validation,25,0.3218114406668714
Experiment 1,DenseNet-121,0,False,validation,26,0.3112912442801254
Experiment 1,DenseNet-121,0,False,validation,27,0.29004318743855473
Experiment 1,DenseNet-121,0,False,validation,28,0.30578594659233377
Experiment 1,DenseNet-121,0,False,validation,29,0.3085759963308062
Experiment 1,DenseNet-121,0,False,validation,30,0.30802528287417125
Experiment 1,DenseNet-121,0,False,validation,31,0.29147049092820715
Experiment 1,DenseNet-121,0,False,validation,32,0.2904557798589979
Experiment 1,DenseNet-121,0,False,validation,33,0.2982824072130911
Experiment 1,DenseNet-121,0,False,validation,34,0.2965175592163134
Experiment 1,DenseNet-121,0,False,validation,35,0.2944374486604439
Experiment 1,DenseNet-121,0,False,validation,36,0.3042797951160797
Experiment 1,DenseNet-121,0,False,validation,37,0.3147758847390789
Experiment 1,DenseNet-121,0,False,validation,38,0.29413692626569954
Experiment 1,DenseNet-121,0,False,validation,39,0.29752038953648435
Experiment 1,DenseNet-121,0,False,validation,40,0.29012887454813435
Experiment 1,DenseNet-121,0,False,validation,41,0.302275626942338
Experiment 1,DenseNet-121,0,False,validation,42,0.29753958165556904
Experiment 1,DenseNet-121,0,False,validation,43,0.2925763977248044
Experiment 1,DenseNet-121,0,False,validation,44,0.2926237717536943
Experiment 1,DenseNet-121,1,False,training,1,0.8586171492934227
Experiment 1,DenseNet-121,1,False,training,2,0.6787128029834657
Experiment 1,DenseNet-121,1,False,training,3,0.6107341129155386
Experiment 1,DenseNet-121,1,False,training,4,0.5510082429363614
Experiment 1,DenseNet-121,1,False,training,5,0.5139193825778507
Experiment 1,DenseNet-121,1,False,training,6,0.47253183435116497
Experiment 1,DenseNet-121,1,False,training,7,0.46458137443377856
Experiment 1,DenseNet-121,1,False,training,8,0.40782874254953294
Experiment 1,DenseNet-121,1,False,training,9,0.40069919682684396
Experiment 1,DenseNet-121,1,False,training,10,0.37308989004010246
Experiment 1,DenseNet-121,1,False,training,11,0.3781359234736079
Experiment 1,DenseNet-121,1,False,training,12,0.3532121413875194
Experiment 1,DenseNet-121,1,False,training,13,0.34878972243695033
Experiment 1,DenseNet-121,1,False,training,14,0.3269588821345851
Experiment 1,DenseNet-121,1,False,training,15,0.28974526685973007
Experiment 1,DenseNet-121,1,False,training,16,0.28277503778891905
Experiment 1,DenseNet-121,1,False,training,17,0.3135190230927297
Experiment 1,DenseNet-121,1,False,training,18,0.2525371586726535
Experiment 1,DenseNet-121,1,False,training,19,0.26150211452373434
Experiment 1,DenseNet-121,1,False,training,20,0.23891252580852734
Experiment 1,DenseNet-121,1,False,training,21,0.24833325753431945
Experiment 1,DenseNet-121,1,False,training,22,0.22897711014818578
Experiment 1,DenseNet-121,1,False,training,23,0.24815582732359567
Experiment 1,DenseNet-121,1,False,training,24,0.24877451941193568
Experiment 1,DenseNet-121,1,False,training,25,0.21445337088689917
Experiment 1,DenseNet-121,1,False,training,26,0.21806207489931867
Experiment 1,DenseNet-121,1,False,training,27,0.20113946595007465
Experiment 1,DenseNet-121,1,False,training,28,0.20060280577412673
Experiment 1,DenseNet-121,1,False,training,29,0.20205816857161976
Experiment 1,DenseNet-121,1,False,training,30,0.18942981430639824
Experiment 1,DenseNet-121,1,False,training,31,0.17214669735126553
Experiment 1,DenseNet-121,1,False,training,32,0.19181048883391277
Experiment 1,DenseNet-121,1,False,training,33,0.17853440592686334
Experiment 1,DenseNet-121,1,False,training,34,0.17242528983790958
Experiment 1,DenseNet-121,1,False,training,35,0.17993767240217753
Experiment 1,DenseNet-121,1,False,training,36,0.13095611598830492
Experiment 1,DenseNet-121,1,False,training,37,0.11742974420832027
Experiment 1,DenseNet-121,1,False,training,38,0.12957113389191882
Experiment 1,DenseNet-121,1,False,training,39,0.12095265137031674
Experiment 1,DenseNet-121,1,False,validation,1,0.7324469444297609
Experiment 1,DenseNet-121,1,False,validation,2,0.5850588267757779
Experiment 1,DenseNet-121,1,False,validation,3,0.5303103838648114
Experiment 1,DenseNet-121,1,False,validation,4,0.489898375812031
Experiment 1,DenseNet-121,1,False,validation,5,0.4580023572558448
Experiment 1,DenseNet-121,1,False,validation,6,0.40138918941929225
Experiment 1,DenseNet-121,1,False,validation,7,0.4020188734644935
Experiment 1,DenseNet-121,1,False,validation,8,0.31194485333703814
Experiment 1,DenseNet-121,1,False,validation,9,0.31231507446084705
Experiment 1,DenseNet-121,1,False,validation,10,0.30481844639316913
Experiment 1,DenseNet-121,1,False,validation,11,0.3298017258445422
Experiment 1,DenseNet-121,1,False,validation,12,0.2974219602488336
Experiment 1,DenseNet-121,1,False,validation,13,0.2731071123409839
Experiment 1,DenseNet-121,1,False,validation,14,0.29279073735787753
Experiment 1,DenseNet-121,1,False,validation,15,0.3511787818833476
Experiment 1,DenseNet-121,1,False,validation,16,0.24407292831511723
Experiment 1,DenseNet-121,1,False,validation,17,0.3145010627451397
Experiment 1,DenseNet-121,1,False,validation,18,0.3127855646113555
Experiment 1,DenseNet-121,1,False,validation,19,0.334879106176751
Experiment 1,DenseNet-121,1,False,validation,20,0.31308227830699514
Experiment 1,DenseNet-121,1,False,validation,21,0.31236476938994157
Experiment 1,DenseNet-121,1,False,validation,22,0.24192765709899722
Experiment 1,DenseNet-121,1,False,validation,23,0.3405252851634508
Experiment 1,DenseNet-121,1,False,validation,24,0.228402375997532
Experiment 1,DenseNet-121,1,False,validation,25,0.2509791237257776
Experiment 1,DenseNet-121,1,False,validation,26,0.24624059278340565
Experiment 1,DenseNet-121,1,False,validation,27,0.34723342541560887
Experiment 1,DenseNet-121,1,False,validation,28,0.26014213565559613
Experiment 1,DenseNet-121,1,False,validation,29,0.2539349604575407
Experiment 1,DenseNet-121,1,False,validation,30,0.30183603224300204
Experiment 1,DenseNet-121,1,False,validation,31,0.235374796337315
Experiment 1,DenseNet-121,1,False,validation,32,0.23881807621745837
Experiment 1,DenseNet-121,1,False,validation,33,0.29191268519276664
Experiment 1,DenseNet-121,1,False,validation,34,0.27113686138320536
Experiment 1,DenseNet-121,1,False,validation,35,0.26638996476928395
Experiment 1,DenseNet-121,1,False,validation,36,0.25172051911552745
Experiment 1,DenseNet-121,1,False,validation,37,0.24992207065224648
Experiment 1,DenseNet-121,1,False,validation,38,0.2673408543424947
Experiment 1,DenseNet-121,1,False,validation,39,0.248137472552203
Experiment 1,DenseNet-121,2,False,training,1,0.8522956122954687
Experiment 1,DenseNet-121,2,False,training,2,0.6638669293551218
Experiment 1,DenseNet-121,2,False,training,3,0.598253784435136
Experiment 1,DenseNet-121,2,False,training,4,0.5510891590799604
Experiment 1,DenseNet-121,2,False,training,5,0.47459700277873446
Experiment 1,DenseNet-121,2,False,training,6,0.4787647800431365
Experiment 1,DenseNet-121,2,False,training,7,0.45739505404517766
Experiment 1,DenseNet-121,2,False,training,8,0.40538381980288596
Experiment 1,DenseNet-121,2,False,training,9,0.38678467663980665
Experiment 1,DenseNet-121,2,False,training,10,0.3836797968972297
Experiment 1,DenseNet-121,2,False,training,11,0.34054392922137466
Experiment 1,DenseNet-121,2,False,training,12,0.34340627163293813
Experiment 1,DenseNet-121,2,False,training,13,0.30236845809434143
Experiment 1,DenseNet-121,2,False,training,14,0.3154500267867531
Experiment 1,DenseNet-121,2,False,training,15,0.28925993249175097
Experiment 1,DenseNet-121,2,False,training,16,0.26910562564929325
Experiment 1,DenseNet-121,2,False,training,17,0.29005993547893705
Experiment 1,DenseNet-121,2,False,training,18,0.2706176272282998
Experiment 1,DenseNet-121,2,False,training,19,0.25638084743349326
Experiment 1,DenseNet-121,2,False,training,20,0.24662890431604215
Experiment 1,DenseNet-121,2,False,training,21,0.23183434616242135
Experiment 1,DenseNet-121,2,False,training,22,0.21885911087017684
Experiment 1,DenseNet-121,2,False,training,23,0.2178547387898323
Experiment 1,DenseNet-121,2,False,training,24,0.22071058870781035
Experiment 1,DenseNet-121,2,False,training,25,0.21878937254881575
Experiment 1,DenseNet-121,2,False,training,26,0.21995265943752157
Experiment 1,DenseNet-121,2,False,training,27,0.22031128929839247
Experiment 1,DenseNet-121,2,False,training,28,0.18703424526999393
Experiment 1,DenseNet-121,2,False,training,29,0.22146136074193887
Experiment 1,DenseNet-121,2,False,training,30,0.19459567915293433
Experiment 1,DenseNet-121,2,False,training,31,0.19614895304576271
Experiment 1,DenseNet-121,2,False,training,32,0.16628141625828685
Experiment 1,DenseNet-121,2,False,training,33,0.15928229733946778
Experiment 1,DenseNet-121,2,False,training,34,0.1396746075756493
Experiment 1,DenseNet-121,2,False,training,35,0.12906216970822287
Experiment 1,DenseNet-121,2,False,training,36,0.1311793401837349
Experiment 1,DenseNet-121,2,False,training,37,0.134279343765229
Experiment 1,DenseNet-121,2,False,training,38,0.12931858153925055
Experiment 1,DenseNet-121,2,False,training,39,0.12234675309931238
Experiment 1,DenseNet-121,2,False,training,40,0.15243085389513344
Experiment 1,DenseNet-121,2,False,training,41,0.12325783077228282
Experiment 1,DenseNet-121,2,False,training,42,0.12233931174324382
Experiment 1,DenseNet-121,2,False,training,43,0.12288236773262422
Experiment 1,DenseNet-121,2,False,training,44,0.11386518901036609
Experiment 1,DenseNet-121,2,False,training,45,0.11239025852687302
Experiment 1,DenseNet-121,2,False,training,46,0.12866944992648705
Experiment 1,DenseNet-121,2,False,training,47,0.11309880925165046
Experiment 1,DenseNet-121,2,False,training,48,0.13205653850343965
Experiment 1,DenseNet-121,2,False,training,49,0.1215703852829479
Experiment 1,DenseNet-121,2,False,training,50,0.11847280061227225
Experiment 1,DenseNet-121,2,False,training,51,0.1092456033941181
Experiment 1,DenseNet-121,2,False,training,52,0.10517114168033004
Experiment 1,DenseNet-121,2,False,training,53,0.11010213696309143
Experiment 1,DenseNet-121,2,False,training,54,0.1291522579711108
Experiment 1,DenseNet-121,2,False,training,55,0.11048449686772767
Experiment 1,DenseNet-121,2,False,training,56,0.11764417349227838
Experiment 1,DenseNet-121,2,False,training,57,0.09412442500303898
Experiment 1,DenseNet-121,2,False,training,58,0.10723942289838478
Experiment 1,DenseNet-121,2,False,training,59,0.11059591260605625
Experiment 1,DenseNet-121,2,False,validation,1,0.7097432081188474
Experiment 1,DenseNet-121,2,False,validation,2,0.5632813218094054
Experiment 1,DenseNet-121,2,False,validation,3,0.5089642944790068
Experiment 1,DenseNet-121,2,False,validation,4,0.4680239146664029
Experiment 1,DenseNet-121,2,False,validation,5,0.5189523838815235
Experiment 1,DenseNet-121,2,False,validation,6,0.4098288750364667
Experiment 1,DenseNet-121,2,False,validation,7,0.3905742054893857
Experiment 1,DenseNet-121,2,False,validation,8,0.4301059554730143
Experiment 1,DenseNet-121,2,False,validation,9,0.3778226836806252
Experiment 1,DenseNet-121,2,False,validation,10,0.3808605039403552
Experiment 1,DenseNet-121,2,False,validation,11,0.3252485642830531
Experiment 1,DenseNet-121,2,False,validation,12,0.3282157253651392
Experiment 1,DenseNet-121,2,False,validation,13,0.34505031293346766
Experiment 1,DenseNet-121,2,False,validation,14,0.3389257015216918
Experiment 1,DenseNet-121,2,False,validation,15,0.34723910884488196
Experiment 1,DenseNet-121,2,False,validation,16,0.3320847960809867
Experiment 1,DenseNet-121,2,False,validation,17,0.31129071967942373
Experiment 1,DenseNet-121,2,False,validation,18,0.3080728511725153
Experiment 1,DenseNet-121,2,False,validation,19,0.35491135379388217
Experiment 1,DenseNet-121,2,False,validation,20,0.306083794683218
Experiment 1,DenseNet-121,2,False,validation,21,0.29019234888255596
Experiment 1,DenseNet-121,2,False,validation,22,0.34625159124178545
Experiment 1,DenseNet-121,2,False,validation,23,0.36343043244310785
Experiment 1,DenseNet-121,2,False,validation,24,0.32877868147833006
Experiment 1,DenseNet-121,2,False,validation,25,0.32650157312552136
Experiment 1,DenseNet-121,2,False,validation,26,0.308043317958003
Experiment 1,DenseNet-121,2,False,validation,27,0.3104185735185941
Experiment 1,DenseNet-121,2,False,validation,28,0.3218905728842531
Experiment 1,DenseNet-121,2,False,validation,29,0.352827465915609
Experiment 1,DenseNet-121,2,False,validation,30,0.37344731931530295
Experiment 1,DenseNet-121,2,False,validation,31,0.33302230654018267
Experiment 1,DenseNet-121,2,False,validation,32,0.32458101709683734
Experiment 1,DenseNet-121,2,False,validation,33,0.30667657360789324
Experiment 1,DenseNet-121,2,False,validation,34,0.30424582789696397
Experiment 1,DenseNet-121,2,False,validation,35,0.2899220680729264
Experiment 1,DenseNet-121,2,False,validation,36,0.30663450221930233
Experiment 1,DenseNet-121,2,False,validation,37,0.29526185377367903
Experiment 1,DenseNet-121,2,False,validation,38,0.2901304978877306
Experiment 1,DenseNet-121,2,False,validation,39,0.29037812910974026
Experiment 1,DenseNet-121,2,False,validation,40,0.29047883381800993
Experiment 1,DenseNet-121,2,False,validation,41,0.2918674891725892
Experiment 1,DenseNet-121,2,False,validation,42,0.2932174852383988
Experiment 1,DenseNet-121,2,False,validation,43,0.29116706115504104
Experiment 1,DenseNet-121,2,False,validation,44,0.2872144969268924
Experiment 1,DenseNet-121,2,False,validation,45,0.29718840069004465
Experiment 1,DenseNet-121,2,False,validation,46,0.296002580961656
Experiment 1,DenseNet-121,2,False,validation,47,0.2895288300656137
Experiment 1,DenseNet-121,2,False,validation,48,0.29018882302833454
Experiment 1,DenseNet-121,2,False,validation,49,0.3028533399282467
Experiment 1,DenseNet-121,2,False,validation,50,0.2974675555403034
Experiment 1,DenseNet-121,2,False,validation,51,0.2962792939728215
Experiment 1,DenseNet-121,2,False,validation,52,0.29536287898996044
Experiment 1,DenseNet-121,2,False,validation,53,0.29011758390281883
Experiment 1,DenseNet-121,2,False,validation,54,0.2972014948637003
Experiment 1,DenseNet-121,2,False,validation,55,0.296436088647516
Experiment 1,DenseNet-121,2,False,validation,56,0.2934585439839533
Experiment 1,DenseNet-121,2,False,validation,57,0.3035910145512649
Experiment 1,DenseNet-121,2,False,validation,58,0.29642503881560905
Experiment 1,DenseNet-121,2,False,validation,59,0.29724711849398555
Experiment 1,DenseNet-121,3,True,training,1,0.8580333012200537
Experiment 1,DenseNet-121,3,True,training,2,0.6845918205522356
Experiment 1,DenseNet-121,3,True,training,3,0.5904710649379662
Experiment 1,DenseNet-121,3,True,training,4,0.5548931179302079
Experiment 1,DenseNet-121,3,True,training,5,0.5163613557815552
Experiment 1,DenseNet-121,3,True,training,6,0.46590983654771534
Experiment 1,DenseNet-121,3,True,training,7,0.4397996362476122
Experiment 1,DenseNet-121,3,True,training,8,0.43985749408602715
Experiment 1,DenseNet-121,3,True,training,9,0.3704143258787337
Experiment 1,DenseNet-121,3,True,training,10,0.3804122323081607
Experiment 1,DenseNet-121,3,True,training,11,0.3761928521451496
Experiment 1,DenseNet-121,3,True,training,12,0.3500548939087561
Experiment 1,DenseNet-121,3,True,training,13,0.3283395091337817
Experiment 1,DenseNet-121,3,True,training,14,0.31871334986672517
Experiment 1,DenseNet-121,3,True,training,15,0.2920277371470417
Experiment 1,DenseNet-121,3,True,training,16,0.29254158435478095
Experiment 1,DenseNet-121,3,True,training,17,0.28867482358501073
Experiment 1,DenseNet-121,3,True,training,18,0.2652008787152313
Experiment 1,DenseNet-121,3,True,training,19,0.28093967622234706
Experiment 1,DenseNet-121,3,True,training,20,0.2634673539903902
Experiment 1,DenseNet-121,3,True,training,21,0.25496268219181467
Experiment 1,DenseNet-121,3,True,training,22,0.21605779700690791
Experiment 1,DenseNet-121,3,True,training,23,0.2222525757249622
Experiment 1,DenseNet-121,3,True,training,24,0.23391675159689926
Experiment 1,DenseNet-121,3,True,training,25,0.21115115976759366
Experiment 1,DenseNet-121,3,True,training,26,0.1909147227360379
Experiment 1,DenseNet-121,3,True,training,27,0.20711162967962168
Experiment 1,DenseNet-121,3,True,training,28,0.2080205167599377
Experiment 1,DenseNet-121,3,True,training,29,0.1751767529085988
Experiment 1,DenseNet-121,3,True,training,30,0.1977051644852119
Experiment 1,DenseNet-121,3,True,training,31,0.18926858924151885
Experiment 1,DenseNet-121,3,True,training,32,0.17483304223666588
Experiment 1,DenseNet-121,3,True,training,33,0.20968580789243182
Experiment 1,DenseNet-121,3,True,training,34,0.1860048332739444
Experiment 1,DenseNet-121,3,True,training,35,0.16168302404029028
Experiment 1,DenseNet-121,3,True,training,36,0.1370228882435532
Experiment 1,DenseNet-121,3,True,training,37,0.17828295852190681
Experiment 1,DenseNet-121,3,True,training,38,0.14201863722077437
Experiment 1,DenseNet-121,3,True,training,39,0.12756117898970842
Experiment 1,DenseNet-121,3,True,training,40,0.11034967388869041
Experiment 1,DenseNet-121,3,True,training,41,0.1324793032947041
Experiment 1,DenseNet-121,3,True,training,42,0.11465879873971321
Experiment 1,DenseNet-121,3,True,training,43,0.12957541203303707
Experiment 1,DenseNet-121,3,True,training,44,0.11814051050515402
Experiment 1,DenseNet-121,3,True,training,45,0.1128394236300318
Experiment 1,DenseNet-121,3,True,training,46,0.124449627385253
Experiment 1,DenseNet-121,3,True,training,47,0.10999240069871857
Experiment 1,DenseNet-121,3,True,training,48,0.11657711752646026
Experiment 1,DenseNet-121,3,True,training,49,0.10735834984197504
Experiment 1,DenseNet-121,3,True,training,50,0.11203279854020193
Experiment 1,DenseNet-121,3,True,training,51,0.10027956403791904
Experiment 1,DenseNet-121,3,True,training,52,0.11143172878239836
Experiment 1,DenseNet-121,3,True,training,53,0.11767689648660876
Experiment 1,DenseNet-121,3,True,training,54,0.11010260341156806
Experiment 1,DenseNet-121,3,True,training,55,0.0991399696296347
Experiment 1,DenseNet-121,3,True,validation,1,0.7401670543920427
Experiment 1,DenseNet-121,3,True,validation,2,0.6256819395791917
Experiment 1,DenseNet-121,3,True,validation,3,0.6808600588923409
Experiment 1,DenseNet-121,3,True,validation,4,0.49397864653950646
Experiment 1,DenseNet-121,3,True,validation,5,0.5109989980146998
Experiment 1,DenseNet-121,3,True,validation,6,0.446677708200046
Experiment 1,DenseNet-121,3,True,validation,7,0.38936073936167215
Experiment 1,DenseNet-121,3,True,validation,8,0.428787414871511
Experiment 1,DenseNet-121,3,True,validation,9,0.39693474521239597
Experiment 1,DenseNet-121,3,True,validation,10,0.33170629842650323
Experiment 1,DenseNet-121,3,True,validation,11,0.34859050455547513
Experiment 1,DenseNet-121,3,True,validation,12,0.3385230458918072
Experiment 1,DenseNet-121,3,True,validation,13,0.3509393266978718
Experiment 1,DenseNet-121,3,True,validation,14,0.339970297490557
Experiment 1,DenseNet-121,3,True,validation,15,0.34469722725805785
Experiment 1,DenseNet-121,3,True,validation,16,0.32679900172210874
Experiment 1,DenseNet-121,3,True,validation,17,0.28167660225049723
Experiment 1,DenseNet-121,3,True,validation,18,0.3094069141717184
Experiment 1,DenseNet-121,3,True,validation,19,0.32984408598747994
Experiment 1,DenseNet-121,3,True,validation,20,0.3248034548901376
Experiment 1,DenseNet-121,3,True,validation,21,0.4063547395746268
Experiment 1,DenseNet-121,3,True,validation,22,0.2980829340716203
Experiment 1,DenseNet-121,3,True,validation,23,0.29224593928527265
Experiment 1,DenseNet-121,3,True,validation,24,0.29531805614186896
Experiment 1,DenseNet-121,3,True,validation,25,0.2874203155792895
Experiment 1,DenseNet-121,3,True,validation,26,0.275090645466532
Experiment 1,DenseNet-121,3,True,validation,27,0.3116168923942106
Experiment 1,DenseNet-121,3,True,validation,28,0.2937009752328907
Experiment 1,DenseNet-121,3,True,validation,29,0.30354046790550154
Experiment 1,DenseNet-121,3,True,validation,30,0.32163774514836924
Experiment 1,DenseNet-121,3,True,validation,31,0.296741221676625
Experiment 1,DenseNet-121,3,True,validation,32,0.33126582032335655
Experiment 1,DenseNet-121,3,True,validation,33,0.3309798352863817
Experiment 1,DenseNet-121,3,True,validation,34,0.3172812675003938
Experiment 1,DenseNet-121,3,True,validation,35,0.29896613975454656
Experiment 1,DenseNet-121,3,True,validation,36,0.2979894975045075
Experiment 1,DenseNet-121,3,True,validation,37,0.28463538616363493
Experiment 1,DenseNet-121,3,True,validation,38,0.2813082640281036
Experiment 1,DenseNet-121,3,True,validation,39,0.280794862314083
Experiment 1,DenseNet-121,3,True,validation,40,0.2633051289733322
Experiment 1,DenseNet-121,3,True,validation,41,0.2798746072332419
Experiment 1,DenseNet-121,3,True,validation,42,0.27255365995335434
Experiment 1,DenseNet-121,3,True,validation,43,0.28612475049504565
Experiment 1,DenseNet-121,3,True,validation,44,0.28317358362532796
Experiment 1,DenseNet-121,3,True,validation,45,0.2773297474763933
Experiment 1,DenseNet-121,3,True,validation,46,0.27957638418523684
Experiment 1,DenseNet-121,3,True,validation,47,0.2788776545563624
Experiment 1,DenseNet-121,3,True,validation,48,0.2706239245876315
Experiment 1,DenseNet-121,3,True,validation,49,0.2758045885323857
Experiment 1,DenseNet-121,3,True,validation,50,0.26856886799491586
Experiment 1,DenseNet-121,3,True,validation,51,0.27972374935190947
Experiment 1,DenseNet-121,3,True,validation,52,0.28511569530348335
Experiment 1,DenseNet-121,3,True,validation,53,0.27746985517885714
Experiment 1,DenseNet-121,3,True,validation,54,0.2664557083265945
Experiment 1,DenseNet-121,3,True,validation,55,0.2782654947922787
Experiment 1,DenseNet-121,4,False,training,1,0.8427070475050381
Experiment 1,DenseNet-121,4,False,training,2,0.6655695363879204
Experiment 1,DenseNet-121,4,False,training,3,0.5975879941667829
Experiment 1,DenseNet-121,4,False,training,4,0.56443711937893
Experiment 1,DenseNet-121,4,False,training,5,0.5061335631069683
Experiment 1,DenseNet-121,4,False,training,6,0.49161530037720996
Experiment 1,DenseNet-121,4,False,training,7,0.42498919279092834
Experiment 1,DenseNet-121,4,False,training,8,0.39677730575203896
Experiment 1,DenseNet-121,4,False,training,9,0.3905960039368698
Experiment 1,DenseNet-121,4,False,training,10,0.3721463330799625
Experiment 1,DenseNet-121,4,False,training,11,0.3326993511901015
Experiment 1,DenseNet-121,4,False,training,12,0.3218249630715166
Experiment 1,DenseNet-121,4,False,training,13,0.3033511432863417
Experiment 1,DenseNet-121,4,False,training,14,0.30266946066348327
Experiment 1,DenseNet-121,4,False,training,15,0.27547534617284936
Experiment 1,DenseNet-121,4,False,training,16,0.27887313515834866
Experiment 1,DenseNet-121,4,False,training,17,0.2863926301665959
Experiment 1,DenseNet-121,4,False,training,18,0.25978525461895124
Experiment 1,DenseNet-121,4,False,training,19,0.25722693873658065
Experiment 1,DenseNet-121,4,False,training,20,0.24072289067719663
Experiment 1,DenseNet-121,4,False,training,21,0.22314242876711346
Experiment 1,DenseNet-121,4,False,training,22,0.24131135793314093
Experiment 1,DenseNet-121,4,False,training,23,0.22209373950248673
Experiment 1,DenseNet-121,4,False,training,24,0.20260922264839923
Experiment 1,DenseNet-121,4,False,training,25,0.19108193376589389
Experiment 1,DenseNet-121,4,False,training,26,0.20563875870513065
Experiment 1,DenseNet-121,4,False,training,27,0.21054301158125913
Experiment 1,DenseNet-121,4,False,training,28,0.19828264387546196
Experiment 1,DenseNet-121,4,False,training,29,0.18397227674722672
Experiment 1,DenseNet-121,4,False,training,30,0.19220984762623197
Experiment 1,DenseNet-121,4,False,training,31,0.19537835550450144
Experiment 1,DenseNet-121,4,False,training,32,0.19131502438159215
Experiment 1,DenseNet-121,4,False,training,33,0.18911576801024021
Experiment 1,DenseNet-121,4,False,training,34,0.17487937025725842
Experiment 1,DenseNet-121,4,False,training,35,0.18727229069918394
Experiment 1,DenseNet-121,4,False,training,36,0.15130343203920693
Experiment 1,DenseNet-121,4,False,training,37,0.161210633503894
Experiment 1,DenseNet-121,4,False,training,38,0.17980515008925327
Experiment 1,DenseNet-121,4,False,training,39,0.1577110584559185
Experiment 1,DenseNet-121,4,False,training,40,0.1403715878924621
Experiment 1,DenseNet-121,4,False,training,41,0.13827585227166614
Experiment 1,DenseNet-121,4,False,training,42,0.1267269379681065
Experiment 1,DenseNet-121,4,False,training,43,0.11158618113646905
Experiment 1,DenseNet-121,4,False,training,44,0.11091907433278504
Experiment 1,DenseNet-121,4,False,validation,1,0.6344921603089287
Experiment 1,DenseNet-121,4,False,validation,2,0.6003683024928683
Experiment 1,DenseNet-121,4,False,validation,3,0.518132800857226
Experiment 1,DenseNet-121,4,False,validation,4,0.5831018693390346
Experiment 1,DenseNet-121,4,False,validation,5,0.5080595399652209
Experiment 1,DenseNet-121,4,False,validation,6,0.42484680456774576
Experiment 1,DenseNet-121,4,False,validation,7,0.44839533666769665
Experiment 1,DenseNet-121,4,False,validation,8,0.4237166676847708
Experiment 1,DenseNet-121,4,False,validation,9,0.4432903052795501
Experiment 1,DenseNet-121,4,False,validation,10,0.561347195435138
Experiment 1,DenseNet-121,4,False,validation,11,0.36412294883103596
Experiment 1,DenseNet-121,4,False,validation,12,0.3684648025248732
Experiment 1,DenseNet-121,4,False,validation,13,0.404688567277931
Experiment 1,DenseNet-121,4,False,validation,14,0.35559392294713427
Experiment 1,DenseNet-121,4,False,validation,15,0.4250737095162982
Experiment 1,DenseNet-121,4,False,validation,16,0.36723891078006654
Experiment 1,DenseNet-121,4,False,validation,17,0.35551186083328157
Experiment 1,DenseNet-121,4,False,validation,18,0.37311595403367565
Experiment 1,DenseNet-121,4,False,validation,19,0.3695320235565305
Experiment 1,DenseNet-121,4,False,validation,20,0.3462878991627977
Experiment 1,DenseNet-121,4,False,validation,21,0.4311201528069519
Experiment 1,DenseNet-121,4,False,validation,22,0.3653990895975204
Experiment 1,DenseNet-121,4,False,validation,23,0.3745040852753889
Experiment 1,DenseNet-121,4,False,validation,24,0.37505059795720236
Experiment 1,DenseNet-121,4,False,validation,25,0.36373398169165566
Experiment 1,DenseNet-121,4,False,validation,26,0.377818515258176
Experiment 1,DenseNet-121,4,False,validation,27,0.3598386070558003
Experiment 1,DenseNet-121,4,False,validation,28,0.34717240361940294
Experiment 1,DenseNet-121,4,False,validation,29,0.32381801520075115
Experiment 1,DenseNet-121,4,False,validation,30,0.3666415430960201
Experiment 1,DenseNet-121,4,False,validation,31,0.42037800788169816
Experiment 1,DenseNet-121,4,False,validation,32,0.369391914279688
Experiment 1,DenseNet-121,4,False,validation,33,0.3922317624092102
Experiment 1,DenseNet-121,4,False,validation,34,0.3653441976223673
Experiment 1,DenseNet-121,4,False,validation,35,0.3577008451379481
Experiment 1,DenseNet-121,4,False,validation,36,0.4335090922457831
Experiment 1,DenseNet-121,4,False,validation,37,0.38199276406140553
Experiment 1,DenseNet-121,4,False,validation,38,0.41942637839487623
Experiment 1,DenseNet-121,4,False,validation,39,0.36713813422691255
Experiment 1,DenseNet-121,4,False,validation,40,0.3780227344305742
Experiment 1,DenseNet-121,4,False,validation,41,0.3761423389826502
Experiment 1,DenseNet-121,4,False,validation,42,0.36873996080387206
Experiment 1,DenseNet-121,4,False,validation,43,0.35579354883659453
Experiment 1,DenseNet-121,4,False,validation,44,0.3486004290836198
Experiment 2,DenseNet-121,0,False,training,1,0.8081361470477921
Experiment 2,DenseNet-121,0,False,training,2,0.5942949496564411
Experiment 2,DenseNet-121,0,False,training,3,0.5184928558412052
Experiment 2,DenseNet-121,0,False,training,4,0.4438589284462588
Experiment 2,DenseNet-121,0,False,training,5,0.4278064966201782
Experiment 2,DenseNet-121,0,False,training,6,0.4012380222834292
Experiment 2,DenseNet-121,0,False,training,7,0.35426693347593147
Experiment 2,DenseNet-121,0,False,training,8,0.33514043493639856
Experiment 2,DenseNet-121,0,False,training,9,0.322854298122582
Experiment 2,DenseNet-121,0,False,training,10,0.3046663736126253
Experiment 2,DenseNet-121,0,False,training,11,0.2926146304678349
Experiment 2,DenseNet-121,0,False,training,12,0.2923530787229538
Experiment 2,DenseNet-121,0,False,training,13,0.2506923894619658
Experiment 2,DenseNet-121,0,False,training,14,0.21621630518209367
Experiment 2,DenseNet-121,0,False,training,15,0.22147835232317448
Experiment 2,DenseNet-121,0,False,training,16,0.2155791712658746
Experiment 2,DenseNet-121,0,False,validation,1,0.9240961110308057
Experiment 2,DenseNet-121,0,False,validation,2,0.940458615620931
Experiment 2,DenseNet-121,0,False,validation,3,0.9655796339114507
Experiment 2,DenseNet-121,0,False,validation,4,1.1161735909325736
Experiment 2,DenseNet-121,0,False,validation,5,1.0254377325375874
Experiment 2,DenseNet-121,0,False,validation,6,1.1273257654337656
Experiment 2,DenseNet-121,0,False,validation,7,1.1999388287464778
Experiment 2,DenseNet-121,0,False,validation,8,1.1645383004631316
Experiment 2,DenseNet-121,0,False,validation,9,1.2592951165778297
Experiment 2,DenseNet-121,0,False,validation,10,1.0648667897496904
Experiment 2,DenseNet-121,0,False,validation,11,1.1803572610730217
Experiment 2,DenseNet-121,0,False,validation,12,1.2894445365028722
Experiment 2,DenseNet-121,0,False,validation,13,1.1719116469224293
Experiment 2,DenseNet-121,0,False,validation,14,1.1843889753023784
Experiment 2,DenseNet-121,0,False,validation,15,1.180520195336569
Experiment 2,DenseNet-121,0,False,validation,16,1.2181690374300593
Experiment 2,DenseNet-121,1,False,training,1,0.8163154987352235
Experiment 2,DenseNet-121,1,False,training,2,0.6283261034460295
Experiment 2,DenseNet-121,1,False,training,3,0.5741378139881861
Experiment 2,DenseNet-121,1,False,training,4,0.4895311278246698
Experiment 2,DenseNet-121,1,False,training,5,0.4192807624737422
Experiment 2,DenseNet-121,1,False,training,6,0.4103840859163375
Experiment 2,DenseNet-121,1,False,training,7,0.38510800933554057
Experiment 2,DenseNet-121,1,False,training,8,0.37494883384732974
Experiment 2,DenseNet-121,1,False,training,9,0.3359539269336632
Experiment 2,DenseNet-121,1,False,training,10,0.3044442279885213
Experiment 2,DenseNet-121,1,False,training,11,0.2823049311659166
Experiment 2,DenseNet-121,1,False,training,12,0.3210998409915538
Experiment 2,DenseNet-121,1,False,training,13,0.24938898781935373
Experiment 2,DenseNet-121,1,False,training,14,0.241922194759051
Experiment 2,DenseNet-121,1,False,training,15,0.2132187724734346
Experiment 2,DenseNet-121,1,False,training,16,0.21667401465986455
Experiment 2,DenseNet-121,1,False,training,17,0.2177831031648176
Experiment 2,DenseNet-121,1,False,validation,1,0.7122977213426069
Experiment 2,DenseNet-121,1,False,validation,2,0.6786486858671362
Experiment 2,DenseNet-121,1,False,validation,3,0.69672553376718
Experiment 2,DenseNet-121,1,False,validation,4,0.7219089493155479
Experiment 2,DenseNet-121,1,False,validation,5,0.7203972387042913
Experiment 2,DenseNet-121,1,False,validation,6,0.8987124440344897
Experiment 2,DenseNet-121,1,False,validation,7,0.7268608808517456
Experiment 2,DenseNet-121,1,False,validation,8,0.7442037476734682
Experiment 2,DenseNet-121,1,False,validation,9,0.7584799368950453
Experiment 2,DenseNet-121,1,False,validation,10,0.8319695686752145
Experiment 2,DenseNet-121,1,False,validation,11,0.8793675567616116
Experiment 2,DenseNet-121,1,False,validation,12,0.8665774281729351
Experiment 2,DenseNet-121,1,False,validation,13,0.8537581959231333
Experiment 2,DenseNet-121,1,False,validation,14,0.8202779584310271
Experiment 2,DenseNet-121,1,False,validation,15,0.8067190599712458
Experiment 2,DenseNet-121,1,False,validation,16,0.8322047299959443
Experiment 2,DenseNet-121,1,False,validation,17,0.8494710244915702
Experiment 2,DenseNet-121,2,False,training,1,0.8408863885062081
Experiment 2,DenseNet-121,2,False,training,2,0.6509027676213355
Experiment 2,DenseNet-121,2,False,training,3,0.5479286568505424
Experiment 2,DenseNet-121,2,False,training,4,0.4741007440856525
Experiment 2,DenseNet-121,2,False,training,5,0.4693001895433381
Experiment 2,DenseNet-121,2,False,training,6,0.39417922940282596
Experiment 2,DenseNet-121,2,False,training,7,0.38818040561108363
Experiment 2,DenseNet-121,2,False,training,8,0.34111898126346724
Experiment 2,DenseNet-121,2,False,training,9,0.3166645509856088
Experiment 2,DenseNet-121,2,False,training,10,0.3087226143550305
Experiment 2,DenseNet-121,2,False,training,11,0.3444657762135778
Experiment 2,DenseNet-121,2,False,training,12,0.27783536316738244
Experiment 2,DenseNet-121,2,False,training,13,0.2760748717756498
Experiment 2,DenseNet-121,2,False,training,14,0.2417692050249094
Experiment 2,DenseNet-121,2,False,training,15,0.22113436371797607
Experiment 2,DenseNet-121,2,False,training,16,0.23058114391529844
Experiment 2,DenseNet-121,2,False,training,17,0.21495845913887024
Experiment 2,DenseNet-121,2,False,validation,1,0.7624576943261283
Experiment 2,DenseNet-121,2,False,validation,2,0.6742537376426515
Experiment 2,DenseNet-121,2,False,validation,3,0.7544445395469666
Experiment 2,DenseNet-121,2,False,validation,4,0.8716673070476169
Experiment 2,DenseNet-121,2,False,validation,5,0.7652342645894914
Experiment 2,DenseNet-121,2,False,validation,6,0.9608618943464189
Experiment 2,DenseNet-121,2,False,validation,7,0.9395000721727099
Experiment 2,DenseNet-121,2,False,validation,8,0.7783411223263967
Experiment 2,DenseNet-121,2,False,validation,9,0.9125159709226518
Experiment 2,DenseNet-121,2,False,validation,10,1.0028608285245442
Experiment 2,DenseNet-121,2,False,validation,11,0.8940448278472537
Experiment 2,DenseNet-121,2,False,validation,12,0.9845488135303769
Experiment 2,DenseNet-121,2,False,validation,13,0.9096749893256596
Experiment 2,DenseNet-121,2,False,validation,14,0.8766378632613591
Experiment 2,DenseNet-121,2,False,validation,15,0.9466580705983298
Experiment 2,DenseNet-121,2,False,validation,16,0.9900870351564317
Experiment 2,DenseNet-121,2,False,validation,17,1.0263195846761977
Experiment 2,DenseNet-121,3,True,training,1,0.8358406807695117
Experiment 2,DenseNet-121,3,True,training,2,0.6305856225746018
Experiment 2,DenseNet-121,3,True,training,3,0.5578635441405433
Experiment 2,DenseNet-121,3,True,training,4,0.4981672004574821
Experiment 2,DenseNet-121,3,True,training,5,0.47520604108770687
Experiment 2,DenseNet-121,3,True,training,6,0.40278568934826625
Experiment 2,DenseNet-121,3,True,training,7,0.3920541040244557
Experiment 2,DenseNet-121,3,True,training,8,0.3780598654633477
Experiment 2,DenseNet-121,3,True,training,9,0.3426238348086675
Experiment 2,DenseNet-121,3,True,training,10,0.3356614073827153
Experiment 2,DenseNet-121,3,True,training,11,0.3192396097417389
Experiment 2,DenseNet-121,3,True,training,12,0.2953653058835438
Experiment 2,DenseNet-121,3,True,training,13,0.2717497456996214
Experiment 2,DenseNet-121,3,True,training,14,0.2490090671039763
Experiment 2,DenseNet-121,3,True,training,15,0.22910053265236674
Experiment 2,DenseNet-121,3,True,training,16,0.2151815273932048
Experiment 2,DenseNet-121,3,True,training,17,0.21674393170646258
Experiment 2,DenseNet-121,3,True,validation,1,0.668442831507751
Experiment 2,DenseNet-121,3,True,validation,2,0.5738481410912105
Experiment 2,DenseNet-121,3,True,validation,3,0.5825503106628146
Experiment 2,DenseNet-121,3,True,validation,4,0.7153342253572884
Experiment 2,DenseNet-121,3,True,validation,5,0.7835959469278654
Experiment 2,DenseNet-121,3,True,validation,6,0.7087687204724976
Experiment 2,DenseNet-121,3,True,validation,7,0.6883800001537782
Experiment 2,DenseNet-121,3,True,validation,8,0.5838324119602996
Experiment 2,DenseNet-121,3,True,validation,9,0.7384684885674644
Experiment 2,DenseNet-121,3,True,validation,10,0.6529159418562249
Experiment 2,DenseNet-121,3,True,validation,11,0.7769302412807952
Experiment 2,DenseNet-121,3,True,validation,12,0.728183224996818
Experiment 2,DenseNet-121,3,True,validation,13,0.7031572719376223
Experiment 2,DenseNet-121,3,True,validation,14,0.673886157469713
Experiment 2,DenseNet-121,3,True,validation,15,0.6941631525017632
Experiment 2,DenseNet-121,3,True,validation,16,0.6699184280157733
Experiment 2,DenseNet-121,3,True,validation,17,0.69965067368702
Experiment 2,DenseNet-121,4,False,training,1,0.786971424307142
Experiment 2,DenseNet-121,4,False,training,2,0.5994004940702802
Experiment 2,DenseNet-121,4,False,training,3,0.5518118182108516
Experiment 2,DenseNet-121,4,False,training,4,0.4832982903435117
Experiment 2,DenseNet-121,4,False,training,5,0.4453576420034681
Experiment 2,DenseNet-121,4,False,training,6,0.40804128863272215
Experiment 2,DenseNet-121,4,False,training,7,0.38625433508838924
Experiment 2,DenseNet-121,4,False,training,8,0.3617975761493047
Experiment 2,DenseNet-121,4,False,training,9,0.32835343125320615
Experiment 2,DenseNet-121,4,False,training,10,0.2887962189103876
Experiment 2,DenseNet-121,4,False,training,11,0.31084707139858175
Experiment 2,DenseNet-121,4,False,training,12,0.26532822634492603
Experiment 2,DenseNet-121,4,False,training,13,0.23764773981557005
Experiment 2,DenseNet-121,4,False,training,14,0.24504453493725686
Experiment 2,DenseNet-121,4,False,training,15,0.22395113256892987
Experiment 2,DenseNet-121,4,False,training,16,0.21183471080093158
Experiment 2,DenseNet-121,4,False,training,17,0.20240187157122863
Experiment 2,DenseNet-121,4,False,validation,1,0.7777977486451467
Experiment 2,DenseNet-121,4,False,validation,2,0.7363585687818981
Experiment 2,DenseNet-121,4,False,validation,3,0.7531783942665372
Experiment 2,DenseNet-121,4,False,validation,4,0.7965008183604195
Experiment 2,DenseNet-121,4,False,validation,5,0.8764829734961191
Experiment 2,DenseNet-121,4,False,validation,6,0.7978076196852184
Experiment 2,DenseNet-121,4,False,validation,7,0.8776122877995173
Experiment 2,DenseNet-121,4,False,validation,8,0.8746346547490075
Experiment 2,DenseNet-121,4,False,validation,9,0.8316534984679449
Experiment 2,DenseNet-121,4,False,validation,10,0.8140549180763108
Experiment 2,DenseNet-121,4,False,validation,11,0.9456217501844678
Experiment 2,DenseNet-121,4,False,validation,12,0.9320356347376392
Experiment 2,DenseNet-121,4,False,validation,13,1.0850800627044268
Experiment 2,DenseNet-121,4,False,validation,14,1.0000673575060708
Experiment 2,DenseNet-121,4,False,validation,15,0.9766058992771876
Experiment 2,DenseNet-121,4,False,validation,16,0.9773743542886916
Experiment 2,DenseNet-121,4,False,validation,17,0.9654927580129533
