pca_components,kmeans_clusters,pca_explained_var,inertia,silhouette
2,2,0.3901074812949862,4808.328571050404,0.5353185921132552
2,3,0.3901074812949862,1321.699761510433,0.704562804126619
2,4,0.3901074812949862,1035.077924801121,0.5721426841218588
2,5,0.3901074812949862,770.8767752280626,0.450184976734264
2,6,0.3901074812949862,621.9710179395299,0.461635851498057
2,7,0.3901074812949862,521.1151100256308,0.44975520999179136
2,8,0.3901074812949862,459.97840984132324,0.44294484166136117
2,9,0.3901074812949862,404.87454057809276,0.4351652417544011
3,2,0.467756830926505,6800.088461208567,0.43493291356891817
3,3,0.467756830926505,3282.258543882888,0.5781426415052044
3,4,0.467756830926505,2317.164776617661,0.5448685233517316
3,5,0.467756830926505,1734.625433397201,0.4965508812334112
3,6,0.467756830926505,1474.5993899157907,0.4677132864956713
3,7,0.467756830926505,1238.921611421674,0.447522933482599
3,8,0.467756830926505,1057.2327997557463,0.4458337763098351
3,9,0.467756830926505,979.2105060490718,0.4321561250195097
4,2,0.5269781794102234,8320.652780972832,0.3831187197316631
4,3,0.5269781794102234,4795.378043628603,0.5106091898893784
4,4,0.5269781794102234,3731.320734549177,0.48776493074624777
4,5,0.5269781794102234,3084.8718747782086,0.4912561983396671
4,6,0.5269781794102234,2517.1336287059466,0.43329848607389626
4,7,0.5269781794102234,2265.574463412609,0.4128164735009032
4,8,0.5269781794102234,2063.097918381329,0.41671110529448646
4,9,0.5269781794102234,1870.36257400769,0.3881480849755965
5,2,0.5725063185991672,9465.224859168156,0.3543981985949003
5,3,0.5725063185991672,5923.44884576428,0.4747043975275898
5,4,0.5725063185991672,4844.077361599548,0.44465670114078637
5,5,0.5725063185991672,4016.526864994147,0.4026067584306762
5,6,0.5725063185991672,3375.2619791395073,0.40598986316165214
5,7,0.5725063185991672,2979.7080182564137,0.3994407701788586
5,8,0.5725063185991672,2727.508062304294,0.3829820954907616
5,9,0.5725063185991672,2512.2583018241544,0.3820433827540549
6,2,0.6095356247801084,10415.916856181158,0.3328124643884139
6,3,0.6095356247801084,6840.6475937093155,0.45060762005853183
6,4,0.6095356247801084,5702.998536410835,0.4208931443231645
6,5,0.6095356247801084,4790.209778485641,0.38620560561066114
6,6,0.6095356247801084,4123.667809813133,0.3873074100867757
6,7,0.6095356247801084,3476.8560743080175,0.40095060186078013
6,8,0.6095356247801084,3221.4094606123776,0.3974351819319894
6,9,0.6095356247801084,2986.482979466612,0.3815128188313571
7,2,0.637253835935213,11115.695889168735,0.32032669330096064
7,3,0.637253835935213,7514.083758789353,0.43509597547269435
7,4,0.637253835935213,6376.714200336939,0.40605988448725083
7,5,0.637253835935213,5459.474778769097,0.36648152065125295
7,6,0.637253835935213,4782.096418533698,0.36986776083017114
7,7,0.637253835935213,4140.789349234849,0.3795865186619857
7,8,0.637253835935213,3853.0843548338844,0.3634260277194583
7,9,0.637253835935213,3612.906437991912,0.3593968923186896
8,2,0.661108038496556,11728.59474901873,0.30772631599400746
8,3,0.661108038496556,8126.043258929181,0.41868510707029916
8,4,0.661108038496556,6981.057055939937,0.3900784235501994
8,5,0.661108038496556,6074.950424011663,0.34940049481656865
8,6,0.661108038496556,5384.637356681849,0.3537459352566016
8,7,0.661108038496556,4731.466326516849,0.3611910957221694
8,8,0.661108038496556,4436.315317790005,0.3453024642193131
8,9,0.661108038496556,4158.423646511594,0.33671202772145115
10,2,0.7027397694217796,12797.807285022685,0.28843323267148885
10,3,0.7027397694217796,9191.361924318942,0.39410064396738054
10,4,0.7027397694217796,8035.164759472519,0.36568631841572186
10,5,0.7027397694217796,7074.091362089095,0.3322347720615213
10,6,0.7027397694217796,6383.307808752211,0.33377025766293456
10,7,0.7027397694217796,5722.967516012118,0.3370666587835942
10,8,0.7027397694217796,5401.778807132114,0.33001617446571696
10,9,0.7027397694217796,5105.5484098427705,0.31763353571542546
12,2,0.7313910922467317,13533.896734447637,0.27693225842567454
12,3,0.7313910922467317,9926.763546178558,0.3788326666090046
12,4,0.7313910922467317,8761.605801929592,0.351147457032509
12,5,0.7313910922467317,7794.37278302803,0.31824552247565263
12,6,0.7313910922467317,7094.625161487124,0.32117715844418054
12,7,0.7313910922467317,6425.313510131879,0.32093814416664485
12,8,0.7313910922467317,6102.617675562471,0.3187601134909522
12,9,0.7313910922467317,5806.054008059601,0.30504320919348876
15,2,0.7644728423237077,14383.150853494779,0.26507905109054836
15,3,0.7644728423237077,10774.9231548567,0.36294283102636876
15,4,0.7644728423237077,9605.170586653647,0.33537636710145596
15,5,0.7644728423237077,8624.17935084768,0.30802356395099484
15,6,0.7644728423237077,7942.420727137411,0.3057640919917056
15,7,0.7644728423237077,7258.353281288786,0.30725797424350887
15,8,0.7644728423237077,6917.334419375172,0.2955449111610978
15,9,0.7644728423237077,6633.856819936742,0.2824228767797366
18,2,0.7895138070026791,15026.618286230098,0.2569561376353392
18,3,0.7895138070026791,11417.880591576872,0.3520367778540163
18,4,0.7895138070026791,10245.412006538661,0.325367966620682
18,5,0.7895138070026791,9262.012624577987,0.2984189938124996
18,6,0.7895138070026791,8571.164131085312,0.29722298317243384
18,7,0.7895138070026791,7892.202687010747,0.29802980637277876
18,8,0.7895138070026791,7553.799319791307,0.28555427973750036
18,9,0.7895138070026791,7236.229858300137,0.27719874600868477
20,2,0.804604737602267,15413.74020968904,0.25249296572760416
20,3,0.804604737602267,11804.277783934429,0.345936000144082
20,4,0.804604737602267,10629.176181142917,0.31957394358123997
20,5,0.804604737602267,9649.35231942208,0.29325218805396847
20,6,0.804604737602267,8950.89336573899,0.29178191043332763
20,7,0.804604737602267,8267.529987082666,0.2934463140976079
20,8,0.804604737602267,7937.230166749071,0.28484148716045565
20,9,0.804604737602267,7612.840064999499,0.272753801052215
25,2,0.8352977055633277,16201.685491092905,0.24398983556014767
25,3,0.8352977055633277,12590.774222190312,0.334323734659458
25,4,0.8352977055633277,11413.857021920447,0.30825266090558023
25,5,0.8352977055633277,10443.552457563119,0.28068225070001196
25,6,0.8352977055633277,9734.459550427622,0.282270089707824
25,7,0.8352977055633277,9048.259800729453,0.28435362537044
25,8,0.8352977055633277,8667.255810147652,0.2720894655315629
25,9,0.8352977055633277,8373.737324065587,0.26516478089190987
30,2,0.8588018138373592,16805.530869756105,0.23775586575207006
30,3,0.8588018138373592,13194.229462289504,0.3257072986504225
30,4,0.8588018138373592,12021.661765165907,0.29865093955534483
30,5,0.8588018138373592,11024.556356401577,0.2762974189988972
30,6,0.8588018138373592,10334.492736052667,0.27558934253427336
30,7,0.8588018138373592,9643.686698448233,0.27656316277099763
30,8,0.8588018138373592,9291.234081410108,0.26360545688995685
30,9,0.8588018138373592,8955.231052417625,0.25925668632283083
