pca_components,kmeans_clusters,pca_explained_var,inertia_mean,inertia_std,silhouette_mean,silhouette_std,min_cluster_size_min,min_cluster_size_mean,max_cluster_size_max,max_cluster_size_mean,cluster_size_ratio_max,cluster_size_ratio_mean,runs,model_name,model_display,source_file,inertia_value,silhouette_value,min_cluster_size,cluster_size_ratio,fold_eligible
2,3,0.4576112023988555,8592.549995266272,0.0,0.663274852372222,0.0,35,35.0,101,101.0,2.8857142857142857,2.8857142857142857,5,virchow,Virchow,results/phase2/tuning/phase2_all_results_virchow_averaged.csv,8592.549995266272,0.663274852372222,35,2.8857142857142857,True
2,2,0.4576112023988555,18985.82748950897,0.0,0.653076671873961,0.0,101,101.0,102,102.0,1.00990099009901,1.00990099009901,5,virchow,Virchow,results/phase2/tuning/phase2_all_results_virchow_averaged.csv,18985.82748950897,0.653076671873961,101,1.00990099009901,True
3,2,0.5187827064349908,27483.627671857295,0.0,0.5720635104063981,0.0,101,101.0,102,102.0,1.00990099009901,1.00990099009901,5,virchow,Virchow,results/phase2/tuning/phase2_all_results_virchow_averaged.csv,27483.627671857295,0.5720635104063981,101,1.00990099009901,True
3,3,0.5187827064349908,16790.71221355462,0.0,0.5639015131943091,0.0,34,34.0,102,102.0,3.0,3.0,5,virchow,Virchow,results/phase2/tuning/phase2_all_results_virchow_averaged.csv,16790.71221355462,0.5639015131943091,34,3.0,True
4,2,0.5622474675502339,33603.47092427231,0.0,0.5306416341183697,0.0,101,101.0,102,102.0,1.00990099009901,1.00990099009901,5,virchow,Virchow,results/phase2/tuning/phase2_all_results_virchow_averaged.csv,33603.47092427231,0.5306416341183697,101,1.00990099009901,True
2,4,0.4576112023988555,6606.960392165607,0.0,0.5211249639446848,0.0,25,25.0,77,77.0,3.08,3.08,5,virchow,Virchow,results/phase2/tuning/phase2_all_results_virchow_averaged.csv,6606.960392165607,0.5211249639446848,25,3.08,True
4,3,0.5622474675502339,22821.03042055501,0.0,0.5130769241534342,0.0,34,34.0,102,102.0,3.0,3.0,5,virchow,Virchow,results/phase2/tuning/phase2_all_results_virchow_averaged.csv,22821.03042055501,0.5130769241534342,34,3.0,True
5,2,0.598706412791446,38743.53989708403,0.0,0.4962161766447187,0.0,101,101.0,102,102.0,1.00990099009901,1.00990099009901,5,virchow,Virchow,results/phase2/tuning/phase2_all_results_virchow_averaged.csv,38743.53989708403,0.4962161766447187,101,1.00990099009901,True
2,6,0.4576112023988555,3598.496185148667,5.544052280571525,0.4942676832547755,0.0011901686481632,19,19.4,58,56.4,3.0526315789473686,2.908421052631579,5,virchow,Virchow,results/phase2/tuning/phase2_all_results_virchow_averaged.csv,3598.496185148667,0.4942676832547755,19,3.0526315789473686,True
3,4,0.5187827064349908,11376.968816549595,0.0,0.4914085175537996,0.0,34,34.0,68,68.0,2.0,2.0,5,virchow,Virchow,results/phase2/tuning/phase2_all_results_virchow_averaged.csv,11376.968816549595,0.4914085175537996,34,2.0,True
2,2,0.4582417375360897,7.144004198245666,0.0,0.5559692911494287,0.0,101,101.0,102,102.0,1.00990099009901,1.00990099009901,5,mocov3_vit_small,MoCo v3 ViT Small,results/phase2/tuning/phase2_all_results_mocov3_vit_small_averaged.csv,7.144004198245666,0.5559692911494287,101,1.00990099009901,True
2,3,0.4582417375360897,4.532005889631941,0.0,0.5253181789375895,0.0,49,49.0,102,102.0,2.0816326530612246,2.0816326530612246,5,mocov3_vit_small,MoCo v3 ViT Small,results/phase2/tuning/phase2_all_results_mocov3_vit_small_averaged.csv,4.532005889631941,0.5253181789375895,49,2.0816326530612246,True
2,4,0.4582417375360897,2.408192083487155,0.0,0.5239711491136594,0.0,48,48.0,54,54.0,1.125,1.125,5,mocov3_vit_small,MoCo v3 ViT Small,results/phase2/tuning/phase2_all_results_mocov3_vit_small_averaged.csv,2.408192083487155,0.5239711491136594,48,1.125,True
2,5,0.4582417375360897,1.7537195391865137,0.0005422797069259,0.514648067189999,0.0006153671361636,27,27.6,54,53.8,2.0,1.95,5,mocov3_vit_small,MoCo v3 ViT Small,results/phase2/tuning/phase2_all_results_mocov3_vit_small_averaged.csv,1.7537195391865137,0.514648067189999,27,2.0,True
2,6,0.4582417375360897,1.2183579638898514,0.0002649046088723,0.500578748146692,0.0006450165979623,26,26.0,39,39.0,1.5,1.5,5,mocov3_vit_small,MoCo v3 ViT Small,results/phase2/tuning/phase2_all_results_mocov3_vit_small_averaged.csv,1.2183579638898514,0.500578748146692,26,1.5,True
2,7,0.4582417375360897,1.0198542805720134,0.0019427961294558,0.4763213193365601,0.0026547233576783,19,19.8,39,38.8,2.0526315789473686,1.9707093821510295,5,mocov3_vit_small,MoCo v3 ViT Small,results/phase2/tuning/phase2_all_results_mocov3_vit_small_averaged.csv,1.0198542805720134,0.4763213193365601,19,2.0526315789473686,True
3,2,0.5398409003685483,10.1977280440563,0.0,0.4628716319767091,0.0,101,101.0,102,102.0,1.00990099009901,1.00990099009901,5,mocov3_vit_small,MoCo v3 ViT Small,results/phase2/tuning/phase2_all_results_mocov3_vit_small_averaged.csv,10.1977280440563,0.4628716319767091,101,1.00990099009901,True
2,9,0.4582417375360897,0.7329124532622903,0.0031582061907376,0.4553800460659974,0.003765327215416,12,12.8,31,30.0,2.5833333333333335,2.3474358974358975,5,mocov3_vit_small,MoCo v3 ViT Small,results/phase2/tuning/phase2_all_results_mocov3_vit_small_averaged.csv,0.7329124532622903,0.4553800460659974,12,2.5833333333333335,True
2,8,0.4582417375360897,0.8598682306763422,0.0031296217587396,0.4529755556282473,0.0039633354774409,18,18.6,37,32.2,2.0555555555555554,1.7362573099415204,5,mocov3_vit_small,MoCo v3 ViT Small,results/phase2/tuning/phase2_all_results_mocov3_vit_small_averaged.csv,0.8598682306763422,0.4529755556282473,18,2.0555555555555554,True
3,3,0.5398409003685483,7.468200992601785,0.0,0.419519553257264,0.0,50,50.0,102,102.0,2.04,2.04,5,mocov3_vit_small,MoCo v3 ViT Small,results/phase2/tuning/phase2_all_results_mocov3_vit_small_averaged.csv,7.468200992601785,0.419519553257264,50,2.04,True
2,3,0.3622572545293913,1263.8725517303888,0.0,0.5422897037178036,0.0,45,45.0,102,102.0,2.2666666666666666,2.2666666666666666,5,efficientnet_b0,EfficientNet B0,results/phase2/tuning/phase2_all_results_efficientnet_b0_averaged.csv,1263.8725517303888,0.5422897037178036,45,2.2666666666666666,True
2,2,0.3622572545293913,2284.232831029401,0.0,0.5297701511828922,0.0,100,100.0,103,103.0,1.03,1.03,5,efficientnet_b0,EfficientNet B0,results/phase2/tuning/phase2_all_results_efficientnet_b0_averaged.csv,2284.232831029401,0.5297701511828922,100,1.03,True
2,4,0.3622572545293913,821.406272107346,0.1060012900026482,0.5104594855984683,0.0009490962293542,34,34.4,69,68.6,2.0294117647058822,1.9947899159663869,5,efficientnet_b0,EfficientNet B0,results/phase2/tuning/phase2_all_results_efficientnet_b0_averaged.csv,821.406272107346,0.5104594855984683,34,2.0294117647058822,True
2,5,0.3622572545293913,590.294896524427,0.058378144574072,0.4933221050288582,0.0010236651135241,22,22.8,69,68.2,3.090909090909091,2.992094861660079,5,efficientnet_b0,EfficientNet B0,results/phase2/tuning/phase2_all_results_efficientnet_b0_averaged.csv,590.294896524427,0.4933221050288582,22,3.090909090909091,True
3,2,0.4297990422223793,3252.9177249866407,0.0,0.4419436728557837,0.0,100,100.0,103,103.0,1.03,1.03,5,efficientnet_b0,EfficientNet B0,results/phase2/tuning/phase2_all_results_efficientnet_b0_averaged.csv,3252.9177249866407,0.4419436728557837,100,1.03,True
3,3,0.4297990422223793,2217.207959722293,0.0,0.4404547028569011,0.0,47,47.0,102,102.0,2.1702127659574466,2.1702127659574466,5,efficientnet_b0,EfficientNet B0,results/phase2/tuning/phase2_all_results_efficientnet_b0_averaged.csv,2217.207959722293,0.4404547028569011,47,2.1702127659574466,True
2,6,0.3622572545293913,502.28152922064857,0.7336146437484656,0.4371791633143432,0.0224451704063934,17,21.2,68,49.6,4.0,2.4185770750988143,5,efficientnet_b0,EfficientNet B0,results/phase2/tuning/phase2_all_results_efficientnet_b0_averaged.csv,502.28152922064857,0.4371791633143432,17,4.0,True
2,8,0.3622572545293913,364.7694563543188,0.4613549376578966,0.4225633710269462,0.0019674090280732,6,8.0,40,40.0,6.666666666666667,5.165079365079365,5,efficientnet_b0,EfficientNet B0,results/phase2/tuning/phase2_all_results_efficientnet_b0_averaged.csv,364.7694563543188,0.4225633710269462,6,6.666666666666667,False
2,7,0.3622572545293913,415.560255958791,0.4742220301679299,0.4107435734469463,0.0022627431596057,17,17.0,42,41.2,2.4705882352941178,2.4235294117647057,5,efficientnet_b0,EfficientNet B0,results/phase2/tuning/phase2_all_results_efficientnet_b0_averaged.csv,415.560255958791,0.4107435734469463,17,2.4705882352941178,True
2,9,0.3622572545293913,331.30606945536624,5.116799808303759,0.4045821987794211,0.0082387675423236,6,7.8,40,38.0,6.666666666666667,4.972222222222222,5,efficientnet_b0,EfficientNet B0,results/phase2/tuning/phase2_all_results_efficientnet_b0_averaged.csv,331.30606945536624,0.4045821987794211,6,6.666666666666667,False
2,2,0.3383158796514987,2596.6031117901757,0.0,0.536994090130785,0.0,97,97.0,106,106.0,1.092783505154639,1.092783505154639,5,deit_base_patch16_224,DeiT Base Patch 16 224,results/phase2/tuning/phase2_all_results_deit_base_patch16_224_averaged.csv,2596.6031117901757,0.536994090130785,97,1.092783505154639,True
2,3,0.3383158796514987,1655.7306984435631,0.3594849479047342,0.4925874494269708,7.15393206211344e-05,51,51.4,93,92.8,1.8235294117647056,1.8059933407325193,5,deit_base_patch16_224,DeiT Base Patch 16 224,results/phase2/tuning/phase2_all_results_deit_base_patch16_224_averaged.csv,1655.7306984435631,0.4925874494269708,51,1.8235294117647056,True
2,4,0.3383158796514987,1096.1162040836384,0.5610707484391798,0.4556548480242609,0.0023602912715856,39,39.0,65,64.4,1.6666666666666667,1.6512820512820514,5,deit_base_patch16_224,DeiT Base Patch 16 224,results/phase2/tuning/phase2_all_results_deit_base_patch16_224_averaged.csv,1096.1162040836384,0.4556548480242609,39,1.6666666666666667,True
3,2,0.4030675216150633,3882.425979724166,0.0620345366238912,0.4483950902908013,0.0001459416018022,97,97.2,106,105.8,1.092783505154639,1.0885125184094255,5,deit_base_patch16_224,DeiT Base Patch 16 224,results/phase2/tuning/phase2_all_results_deit_base_patch16_224_averaged.csv,3882.425979724166,0.4483950902908013,97,1.092783505154639,True
4,2,0.456542671506689,4863.753331084019,0.0,0.4155802731842324,0.0,100,100.0,103,103.0,1.03,1.03,5,deit_base_patch16_224,DeiT Base Patch 16 224,results/phase2/tuning/phase2_all_results_deit_base_patch16_224_averaged.csv,4863.753331084019,0.4155802731842324,100,1.03,True
2,5,0.3383158796514987,897.7258946463392,2.133188259156469,0.4130942369313303,0.0038508628675073,27,29.6,52,50.4,1.851851851851852,1.7060692951015533,5,deit_base_patch16_224,DeiT Base Patch 16 224,results/phase2/tuning/phase2_all_results_deit_base_patch16_224_averaged.csv,897.7258946463392,0.4130942369313303,27,1.851851851851852,True
2,7,0.3383158796514987,631.8095380392666,1.017960612982772,0.389287038228275,0.0027110109814974,17,17.6,43,39.4,2.5294117647058822,2.243137254901961,5,deit_base_patch16_224,DeiT Base Patch 16 224,results/phase2/tuning/phase2_all_results_deit_base_patch16_224_averaged.csv,631.8095380392666,0.389287038228275,17,2.5294117647058822,True
3,3,0.4030675216150633,2921.372070187928,0.2692792497150689,0.387680869449951,0.0001841843228258,52,52.8,93,93.0,1.7884615384615383,1.76171585228189,5,deit_base_patch16_224,DeiT Base Patch 16 224,results/phase2/tuning/phase2_all_results_deit_base_patch16_224_averaged.csv,2921.372070187928,0.387680869449951,52,1.7884615384615383,True
2,6,0.3383158796514987,744.9505427294514,0.8989183650267083,0.3817568274614185,0.0010224657746036,25,25.2,45,43.8,1.8,1.7384615384615385,5,deit_base_patch16_224,DeiT Base Patch 16 224,results/phase2/tuning/phase2_all_results_deit_base_patch16_224_averaged.csv,744.9505427294514,0.3817568274614185,25,1.8,True
5,2,0.5034450164991953,5795.055335925586,0.0,0.3792245232926232,0.0,100,100.0,103,103.0,1.03,1.03,5,deit_base_patch16_224,DeiT Base Patch 16 224,results/phase2/tuning/phase2_all_results_deit_base_patch16_224_averaged.csv,5795.055335925586,0.3792245232926232,100,1.03,True
2,4,0.3720848844191078,1511.0099464208563,0.0,0.5362036496362029,0.0,39,39.0,66,66.0,1.6923076923076923,1.6923076923076923,5,vit_large_patch16_224,ViT Large Patch 16 224,results/phase2/tuning/phase2_all_results_vit_large_patch16_224_averaged.csv,1511.0099464208563,0.5362036496362029,39,1.6923076923076923,True
2,3,0.3720848844191078,2621.7855192716615,0.0,0.497783100971757,0.0,57,57.0,79,79.0,1.3859649122807018,1.3859649122807018,5,vit_large_patch16_224,ViT Large Patch 16 224,results/phase2/tuning/phase2_all_results_vit_large_patch16_224_averaged.csv,2621.7855192716615,0.497783100971757,57,1.3859649122807018,True
2,5,0.3720848844191078,1205.6819217753944,1.668052177622715,0.4693246517246233,0.0032019280836577,28,30.4,51,51.0,1.8214285714285712,1.680414746543779,5,vit_large_patch16_224,ViT Large Patch 16 224,results/phase2/tuning/phase2_all_results_vit_large_patch16_224_averaged.csv,1205.6819217753944,0.4693246517246233,28,1.8214285714285712,True
2,2,0.3720848844191078,4820.960988212767,0.0,0.4527942789961859,0.0,97,97.0,106,106.0,1.092783505154639,1.092783505154639,5,vit_large_patch16_224,ViT Large Patch 16 224,results/phase2/tuning/phase2_all_results_vit_large_patch16_224_averaged.csv,4820.960988212767,0.4527942789961859,97,1.092783505154639,True
2,6,0.3720848844191078,978.9990615505247,1.079296252676576,0.444589297746176,0.0101044372566373,20,24.0,49,47.2,2.45,2.0061481481481485,5,vit_large_patch16_224,ViT Large Patch 16 224,results/phase2/tuning/phase2_all_results_vit_large_patch16_224_averaged.csv,978.9990615505247,0.444589297746176,20,2.45,True
2,7,0.3720848844191078,798.8231398237027,2.7284401064248875,0.4281493488213819,0.0019208135150732,16,18.0,44,42.4,2.6875,2.3931232492997196,5,vit_large_patch16_224,ViT Large Patch 16 224,results/phase2/tuning/phase2_all_results_vit_large_patch16_224_averaged.csv,798.8231398237027,0.4281493488213819,16,2.6875,True
2,8,0.3720848844191078,665.0159953191297,0.6340716790101413,0.416779648928084,0.000227352033326,16,16.8,41,41.0,2.5625,2.4452614379084965,5,vit_large_patch16_224,ViT Large Patch 16 224,results/phase2/tuning/phase2_all_results_vit_large_patch16_224_averaged.csv,665.0159953191297,0.416779648928084,16,2.5625,True
3,4,0.4499883938857459,3309.678388318532,0.0,0.4068076531648811,0.0,36,36.0,66,66.0,1.8333333333333333,1.8333333333333333,5,vit_large_patch16_224,ViT Large Patch 16 224,results/phase2/tuning/phase2_all_results_vit_large_patch16_224_averaged.csv,3309.678388318532,0.4068076531648811,36,1.8333333333333333,True
2,9,0.3720848844191078,604.1817998869872,4.077687671763884,0.4041641443128707,0.0140110480765745,6,11.6,41,36.4,6.833333333333333,3.6041666666666665,5,vit_large_patch16_224,ViT Large Patch 16 224,results/phase2/tuning/phase2_all_results_vit_large_patch16_224_averaged.csv,604.1817998869872,0.4041641443128707,6,6.833333333333333,False
3,5,0.4499883938857459,2682.0500603892015,0.0,0.4018585623042393,0.0,27,27.0,63,63.0,2.3333333333333335,2.3333333333333335,5,vit_large_patch16_224,ViT Large Patch 16 224,results/phase2/tuning/phase2_all_results_vit_large_patch16_224_averaged.csv,2682.0500603892015,0.4018585623042393,27,2.3333333333333335,True
2,2,0.3734914590945556,283.50039420567225,0.0,0.5279402553186235,0.0,96,96.0,107,107.0,1.1145833333333333,1.1145833333333333,5,efficientnet_b1,EfficientNet B1,results/phase2/tuning/phase2_all_results_efficientnet_b1_averaged.csv,283.50039420567225,0.5279402553186235,96,1.1145833333333333,True
2,3,0.3734914590945556,171.27823367455167,0.0090652656264025,0.4888688368050223,0.0010512708463877,45,45.6,91,90.4,2.022222222222222,1.9828019323671495,5,efficientnet_b1,EfficientNet B1,results/phase2/tuning/phase2_all_results_efficientnet_b1_averaged.csv,171.27823367455167,0.4888688368050223,45,2.022222222222222,True
3,2,0.4519188895869967,429.74235973786983,0.0,0.4474159332784332,0.0,98,98.0,105,105.0,1.0714285714285714,1.0714285714285714,5,efficientnet_b1,EfficientNet B1,results/phase2/tuning/phase2_all_results_efficientnet_b1_averaged.csv,429.74235973786983,0.4474159332784332,98,1.0714285714285714,True
2,4,0.3734914590945556,124.94671889764837,0.0,0.436758060481094,0.0,34,34.0,67,67.0,1.9705882352941175,1.9705882352941175,5,efficientnet_b1,EfficientNet B1,results/phase2/tuning/phase2_all_results_efficientnet_b1_averaged.csv,124.94671889764837,0.436758060481094,34,1.9705882352941175,True
4,2,0.5041624708604503,530.6570215221616,0.0,0.4013491542874864,0.0,98,98.0,105,105.0,1.0714285714285714,1.0714285714285714,5,efficientnet_b1,EfficientNet B1,results/phase2/tuning/phase2_all_results_efficientnet_b1_averaged.csv,530.6570215221616,0.4013491542874864,98,1.0714285714285714,True
3,3,0.4519188895869967,314.5752555672688,0.0,0.3967779966110411,0.0,46,46.0,97,97.0,2.108695652173913,2.108695652173913,5,efficientnet_b1,EfficientNet B1,results/phase2/tuning/phase2_all_results_efficientnet_b1_averaged.csv,314.5752555672688,0.3967779966110411,46,2.108695652173913,True
2,8,0.3734914590945556,62.95565119429087,0.181290849152571,0.3758793256138235,0.0030146967029056,18,18.2,41,39.4,2.2777777777777777,2.166081871345029,5,efficientnet_b1,EfficientNet B1,results/phase2/tuning/phase2_all_results_efficientnet_b1_averaged.csv,62.95565119429087,0.3758793256138235,18,2.2777777777777777,True
5,2,0.5489161514380522,615.2840914636604,0.0,0.3751712496400987,0.0,100,100.0,103,103.0,1.03,1.03,5,efficientnet_b1,EfficientNet B1,results/phase2/tuning/phase2_all_results_efficientnet_b1_averaged.csv,615.2840914636604,0.3751712496400987,100,1.03,True
2,5,0.3734914590945556,103.83773247831282,0.3941700773973674,0.3744897154016584,0.0021738934349709,26,27.4,64,60.6,2.3076923076923075,2.214131054131054,5,efficientnet_b1,EfficientNet B1,results/phase2/tuning/phase2_all_results_efficientnet_b1_averaged.csv,103.83773247831282,0.3744897154016584,26,2.3076923076923075,True
2,9,0.3734914590945556,56.66600708780091,0.3110124930897179,0.3706102167395816,0.0072830051573277,11,14.2,43,38.2,3.8181818181818183,2.7747627372627375,5,efficientnet_b1,EfficientNet B1,results/phase2/tuning/phase2_all_results_efficientnet_b1_averaged.csv,56.66600708780091,0.3706102167395816,11,3.8181818181818183,True
2,3,0.5425583511643464,142.5086699176833,0.0,0.4961210140993044,0.0,44,44.0,93,93.0,2.113636363636364,2.113636363636364,5,vit_base_patch32_224,ViT Base Patch 32 224,results/phase2/tuning/phase2_all_results_vit_base_patch32_224_averaged.csv,142.5086699176833,0.4961210140993044,44,2.113636363636364,True
2,2,0.5425583511643464,238.25269172899,0.0,0.492075898705938,0.0,101,101.0,102,102.0,1.00990099009901,1.00990099009901,5,vit_base_patch32_224,ViT Base Patch 32 224,results/phase2/tuning/phase2_all_results_vit_base_patch32_224_averaged.csv,238.25269172899,0.492075898705938,101,1.00990099009901,True
2,4,0.5425583511643464,100.894488781938,0.0,0.4617088718848675,0.0,43,43.0,65,65.0,1.5116279069767442,1.5116279069767442,5,vit_base_patch32_224,ViT Base Patch 32 224,results/phase2/tuning/phase2_all_results_vit_base_patch32_224_averaged.csv,100.894488781938,0.4617088718848675,43,1.5116279069767442,True
2,5,0.5425583511643464,81.55171753674679,0.0598546776098463,0.4383409883319098,0.0014643192381234,29,29.2,53,52.0,1.793103448275862,1.7809195402298852,5,vit_base_patch32_224,ViT Base Patch 32 224,results/phase2/tuning/phase2_all_results_vit_base_patch32_224_averaged.csv,81.55171753674679,0.4383409883319098,29,1.793103448275862,True
3,2,0.6203105796314233,314.8085109419781,0.0,0.4367852733622714,0.0,100,100.0,103,103.0,1.03,1.03,5,vit_base_patch32_224,ViT Base Patch 32 224,results/phase2/tuning/phase2_all_results_vit_base_patch32_224_averaged.csv,314.8085109419781,0.4367852733622714,100,1.03,True
3,3,0.6203105796314233,215.9675134238312,0.0,0.4323540035317023,0.0,43,43.0,98,98.0,2.2790697674418605,2.2790697674418605,5,vit_base_patch32_224,ViT Base Patch 32 224,results/phase2/tuning/phase2_all_results_vit_base_patch32_224_averaged.csv,215.9675134238312,0.4323540035317023,43,2.2790697674418605,True
2,6,0.5425583511643464,68.87312450193114,0.0184563722170656,0.4156137111546057,0.000796017850111,22,23.0,49,47.4,2.227272727272727,2.063208168642951,5,vit_base_patch32_224,ViT Base Patch 32 224,results/phase2/tuning/phase2_all_results_vit_base_patch32_224_averaged.csv,68.87312450193114,0.4156137111546057,22,2.227272727272727,True
4,2,0.6764303292152071,370.9585283827726,0.0,0.4041014337896688,0.0,100,100.0,103,103.0,1.03,1.03,5,vit_base_patch32_224,ViT Base Patch 32 224,results/phase2/tuning/phase2_all_results_vit_base_patch32_224_averaged.csv,370.9585283827726,0.4041014337896688,100,1.03,True
4,3,0.6764303292152071,271.39771264832837,0.0,0.390737495721964,0.0,43,43.0,98,98.0,2.2790697674418605,2.2790697674418605,5,vit_base_patch32_224,ViT Base Patch 32 224,results/phase2/tuning/phase2_all_results_vit_base_patch32_224_averaged.csv,271.39771264832837,0.390737495721964,43,2.2790697674418605,True
2,7,0.5425583511643464,59.48903468465826,0.2694559145432075,0.386161201384286,0.001751307648579,17,17.8,41,36.8,2.2777777777777777,2.0673202614379087,5,vit_base_patch32_224,ViT Base Patch 32 224,results/phase2/tuning/phase2_all_results_vit_base_patch32_224_averaged.csv,59.48903468465826,0.386161201384286,17,2.2777777777777777,True
2,2,0.7718469225525996,15686.152395793975,0.0,0.4688153167329233,0.0,69,69.0,134,134.0,1.9420289855072463,1.9420289855072463,5,uni,UNI,results/phase2/tuning/phase2_all_results_uni_averaged.csv,15686.152395793975,0.4688153167329233,69,1.9420289855072463,True
3,2,0.8402546895891552,18670.09549164121,0.0,0.428594850442299,0.0,69,69.0,134,134.0,1.9420289855072463,1.9420289855072463,5,uni,UNI,results/phase2/tuning/phase2_all_results_uni_averaged.csv,18670.09549164121,0.428594850442299,69,1.9420289855072463,True
2,5,0.7718469225525996,6332.661558935526,92.78807442474404,0.4115622234485402,0.007988477601012,18,19.8,68,65.8,3.7777777777777777,3.4095816464237516,5,uni,UNI,results/phase2/tuning/phase2_all_results_uni_averaged.csv,6332.661558935526,0.4115622234485402,18,3.7777777777777777,True
2,4,0.7718469225525996,7788.393998264704,0.8557948302451719,0.4075904759993163,0.0002369968936933,26,26.0,67,66.8,2.576923076923077,2.5692307692307694,5,uni,UNI,results/phase2/tuning/phase2_all_results_uni_averaged.csv,7788.393998264704,0.4075904759993163,26,2.576923076923077,True
2,6,0.7718469225525996,5247.930979295388,20.57503935511235,0.4056647344152904,0.0026948137622142,14,17.4,56,52.2,4.0,3.049122807017544,5,uni,UNI,results/phase2/tuning/phase2_all_results_uni_averaged.csv,5247.930979295388,0.4056647344152904,14,4.0,True
4,2,0.8945248429555972,21039.763825094626,0.0,0.4035159473086709,0.0,69,69.0,134,134.0,1.9420289855072463,1.9420289855072463,5,uni,UNI,results/phase2/tuning/phase2_all_results_uni_averaged.csv,21039.763825094626,0.4035159473086709,69,1.9420289855072463,True
2,8,0.7718469225525996,3750.795074561572,19.29422147960857,0.3951754044143606,0.0030193758318475,6,6.0,40,36.8,6.666666666666667,6.133333333333334,5,uni,UNI,results/phase2/tuning/phase2_all_results_uni_averaged.csv,3750.795074561572,0.3951754044143606,6,6.666666666666667,False
5,2,0.9262165306714149,22417.23965171616,2.2525667831005416,0.3919372721291771,0.0010118150962598,69,70.0,134,133.0,1.9420289855072463,1.9004735660338845,5,uni,UNI,results/phase2/tuning/phase2_all_results_uni_averaged.csv,22417.23965171616,0.3919372721291771,69,1.9420289855072463,True
2,3,0.7718469225525996,11104.277469487975,3.810446878918194,0.3917502034622215,0.000945592111241,51,51.8,85,84.4,1.6346153846153846,1.629260935143288,5,uni,UNI,results/phase2/tuning/phase2_all_results_uni_averaged.csv,11104.277469487975,0.3917502034622215,51,1.6346153846153846,True
2,9,0.7718469225525996,3332.156020377068,15.32701309089276,0.387713841814024,0.004177077617059,6,6.0,38,35.2,6.333333333333333,5.866666666666666,5,uni,UNI,results/phase2/tuning/phase2_all_results_uni_averaged.csv,3332.156020377068,0.387713841814024,6,6.333333333333333,False
2,8,0.3504834443021943,889.878250622642,0.4846050485875017,0.4286761333102901,0.0040055236318703,12,12.0,39,38.4,3.25,3.2,5,vit_base_patch16_224,ViT Base Patch 16 224,results/phase2/tuning/phase2_all_results_vit_base_patch16_224_averaged.csv,889.878250622642,0.4286761333102901,12,3.25,True
2,3,0.3504834443021943,3038.076046019579,0.5072851441092984,0.4204509344240296,0.0010356369786277,42,44.8,95,94.6,2.261904761904762,2.114238659890834,5,vit_base_patch16_224,ViT Base Patch 16 224,results/phase2/tuning/phase2_all_results_vit_base_patch16_224_averaged.csv,3038.076046019579,0.4204509344240296,42,2.261904761904762,True
2,9,0.3504834443021943,793.2903085375608,2.8370318697626806,0.4184081245755082,0.0049407132188364,11,12.2,38,34.2,3.1666666666666665,2.8205128205128203,5,vit_base_patch16_224,ViT Base Patch 16 224,results/phase2/tuning/phase2_all_results_vit_base_patch16_224_averaged.csv,793.2903085375608,0.4184081245755082,11,3.1666666666666665,True
2,7,0.3504834443021943,1083.177762801562,5.289105911299587,0.4180950466115987,0.0051462144444513,15,15.8,44,38.4,2.466666666666667,2.4364912280701754,5,vit_base_patch16_224,ViT Base Patch 16 224,results/phase2/tuning/phase2_all_results_vit_base_patch16_224_averaged.csv,1083.177762801562,0.4180950466115987,15,2.466666666666667,True
2,6,0.3504834443021943,1307.1883106466994,2.257159400570168,0.4156429713691709,0.0009886019978412,28,29.6,42,41.8,1.4642857142857142,1.4128571428571428,5,vit_base_patch16_224,ViT Base Patch 16 224,results/phase2/tuning/phase2_all_results_vit_base_patch16_224_averaged.csv,1307.1883106466994,0.4156429713691709,28,1.4642857142857142,True
2,2,0.3504834443021943,4362.6041927750375,0.0,0.4148545305852457,0.0,99,99.0,104,104.0,1.0505050505050506,1.0505050505050506,5,vit_base_patch16_224,ViT Base Patch 16 224,results/phase2/tuning/phase2_all_results_vit_base_patch16_224_averaged.csv,4362.6041927750375,0.4148545305852457,99,1.0505050505050506,True
2,5,0.3504834443021943,1602.5901049396357,1.636687199783429,0.405956507614276,0.0003511919890802,29,29.8,54,49.2,1.862068965517241,1.6524137931034484,5,vit_base_patch16_224,ViT Base Patch 16 224,results/phase2/tuning/phase2_all_results_vit_base_patch16_224_averaged.csv,1602.5901049396357,0.405956507614276,29,1.862068965517241,True
2,4,0.3504834443021943,2214.038630445028,0.4777463501411845,0.3946001381446787,0.0002751609124658,36,36.0,69,69.0,1.9166666666666667,1.9166666666666667,5,vit_base_patch16_224,ViT Base Patch 16 224,results/phase2/tuning/phase2_all_results_vit_base_patch16_224_averaged.csv,2214.038630445028,0.3946001381446787,36,1.9166666666666667,True
3,6,0.4405898279454622,2330.6307952903844,0.0864668588248339,0.3733531062671612,0.0002663134643731,20,20.0,50,49.4,2.5,2.47,5,vit_base_patch16_224,ViT Base Patch 16 224,results/phase2/tuning/phase2_all_results_vit_base_patch16_224_averaged.csv,2330.6307952903844,0.3733531062671612,20,2.5,True
3,5,0.4405898279454622,2816.684414497304,0.056379990447046,0.3669856350782035,0.0001351935567478,20,20.0,55,55.0,2.75,2.75,5,vit_base_patch16_224,ViT Base Patch 16 224,results/phase2/tuning/phase2_all_results_vit_base_patch16_224_averaged.csv,2816.684414497304,0.3669856350782035,20,2.75,True
2,4,0.8016267133679807,2396.9111386140626,0.3350011502417878,0.4102353757561828,0.0004000258744035,20,20.0,75,73.6,3.75,3.68,5,ctranspath,CTransPath,results/phase2/tuning/phase2_all_results_ctranspath_averaged.csv,2396.9111386140626,0.4102353757561828,20,3.75,True
2,3,0.8016267133679807,3147.4734898383504,0.0,0.4006583495041475,0.0,41,41.0,86,86.0,2.097560975609756,2.097560975609756,5,ctranspath,CTransPath,results/phase2/tuning/phase2_all_results_ctranspath_averaged.csv,3147.4734898383504,0.4006583495041475,41,2.097560975609756,True
2,5,0.8016267133679807,1881.576565218583,0.0,0.3874089993118929,0.0,19,19.0,55,55.0,2.8947368421052633,2.8947368421052633,5,ctranspath,CTransPath,results/phase2/tuning/phase2_all_results_ctranspath_averaged.csv,1881.576565218583,0.3874089993118929,19,2.8947368421052633,True
2,6,0.8016267133679807,1612.2978234671095,2.2153891107013166,0.379981160395505,0.002508758910255,11,13.4,55,55.0,5.0,4.142857142857143,5,ctranspath,CTransPath,results/phase2/tuning/phase2_all_results_ctranspath_averaged.csv,1612.2978234671095,0.379981160395505,11,5.0,True
3,4,0.847159061494191,2778.4679225454065,0.5453272782306207,0.3773220868582004,0.000139781254953,19,19.0,72,70.4,3.789473684210526,3.705263157894737,5,ctranspath,CTransPath,results/phase2/tuning/phase2_all_results_ctranspath_averaged.csv,2778.4679225454065,0.3773220868582004,19,3.789473684210526,True
3,3,0.847159061494191,3613.365059382172,0.0,0.377107910211438,0.0,41,41.0,87,87.0,2.1219512195121952,2.1219512195121952,5,ctranspath,CTransPath,results/phase2/tuning/phase2_all_results_ctranspath_averaged.csv,3613.365059382172,0.377107910211438,41,2.1219512195121952,True
2,7,0.8016267133679807,1397.5049538454628,8.128879203217517,0.3757845216222902,0.0004794371031039,5,8.6,55,55.0,11.0,6.844444444444444,5,ctranspath,CTransPath,results/phase2/tuning/phase2_all_results_ctranspath_averaged.csv,1397.5049538454628,0.3757845216222902,5,11.0,False
2,2,0.8016267133679807,5032.564716260264,0.399158233197081,0.3654832859024498,9.167765119683056e-05,92,92.6,111,110.4,1.2065217391304348,1.1922861150070123,5,ctranspath,CTransPath,results/phase2/tuning/phase2_all_results_ctranspath_averaged.csv,5032.564716260264,0.3654832859024498,92,1.2065217391304348,True
4,3,0.882083797205801,3979.7255310917726,0.0,0.3571077335412441,0.0,41,41.0,87,87.0,2.1219512195121952,2.1219512195121952,5,ctranspath,CTransPath,results/phase2/tuning/phase2_all_results_ctranspath_averaged.csv,3979.7255310917726,0.3571077335412441,41,2.1219512195121952,True
3,5,0.847159061494191,2258.249931626532,3.3210015328630047,0.3562645822432799,0.0020704883212085,15,16.6,57,55.4,3.8,3.3873684210526314,5,ctranspath,CTransPath,results/phase2/tuning/phase2_all_results_ctranspath_averaged.csv,2258.249931626532,0.3562645822432799,15,3.8,True
2,2,0.7983775695363493,421.3128641000291,0.0,0.970165433764418,0.0,1,1.0,202,202.0,202.0,202.0,5,swin_base_patch4_window7_224,Swin Base Patch4 Window7 224,results/phase2/tuning/phase2_all_results_swin_base_patch4_window7_224_averaged.csv,421.3128641000291,0.970165433764418,1,202.0,False
3,2,0.846331841478262,623.9573167568484,0.0,0.960253706454375,0.0,1,1.0,202,202.0,202.0,202.0,5,swin_base_patch4_window7_224,Swin Base Patch4 Window7 224,results/phase2/tuning/phase2_all_results_swin_base_patch4_window7_224_averaged.csv,623.9573167568484,0.960253706454375,1,202.0,False
4,2,0.864934910310669,702.5180370882023,0.0,0.957864313340152,0.0,1,1.0,202,202.0,202.0,202.0,5,swin_base_patch4_window7_224,Swin Base Patch4 Window7 224,results/phase2/tuning/phase2_all_results_swin_base_patch4_window7_224_averaged.csv,702.5180370882023,0.957864313340152,1,202.0,False
5,2,0.8809703412633876,770.2817552491032,0.0,0.956577638777676,0.0,1,1.0,202,202.0,202.0,202.0,5,swin_base_patch4_window7_224,Swin Base Patch4 Window7 224,results/phase2/tuning/phase2_all_results_swin_base_patch4_window7_224_averaged.csv,770.2817552491032,0.956577638777676,1,202.0,False
6,2,0.8915654234626158,815.0523047701236,0.0,0.9546482396189184,0.0,1,1.0,202,202.0,202.0,202.0,5,swin_base_patch4_window7_224,Swin Base Patch4 Window7 224,results/phase2/tuning/phase2_all_results_swin_base_patch4_window7_224_averaged.csv,815.0523047701236,0.9546482396189184,1,202.0,False
7,2,0.9004948220686945,852.7862259384158,0.0,0.953539816428537,0.0,1,1.0,202,202.0,202.0,202.0,5,swin_base_patch4_window7_224,Swin Base Patch4 Window7 224,results/phase2/tuning/phase2_all_results_swin_base_patch4_window7_224_averaged.csv,852.7862259384158,0.953539816428537,1,202.0,False
8,2,0.9083284052070356,885.8893326813593,0.0,0.952749024976091,0.0,1,1.0,202,202.0,202.0,202.0,5,swin_base_patch4_window7_224,Swin Base Patch4 Window7 224,results/phase2/tuning/phase2_all_results_swin_base_patch4_window7_224_averaged.csv,885.8893326813593,0.952749024976091,1,202.0,False
10,2,0.9218720182689154,943.1217551546094,0.0,0.9508311288932972,0.0,1,1.0,202,202.0,202.0,202.0,5,swin_base_patch4_window7_224,Swin Base Patch4 Window7 224,results/phase2/tuning/phase2_all_results_swin_base_patch4_window7_224_averaged.csv,943.1217551546094,0.9508311288932972,1,202.0,False
12,2,0.9309483157671414,981.4757429147288,0.0,0.949532533596438,0.0,1,1.0,202,202.0,202.0,202.0,5,swin_base_patch4_window7_224,Swin Base Patch4 Window7 224,results/phase2/tuning/phase2_all_results_swin_base_patch4_window7_224_averaged.csv,981.4757429147288,0.949532533596438,1,202.0,False
15,2,0.9410507008182932,1024.16333655654,0.0,0.9480642379205096,0.0,1,1.0,202,202.0,202.0,202.0,5,swin_base_patch4_window7_224,Swin Base Patch4 Window7 224,results/phase2/tuning/phase2_all_results_swin_base_patch4_window7_224_averaged.csv,1024.16333655654,0.9480642379205096,1,202.0,False
