pca_components,kmeans_clusters,pca_explained_var,inertia,silhouette,run,random_state
2,2,0.7983775695363493,421.3128641000291,0.9701654337644179,2,43
2,3,0.7983775695363493,206.08774880606728,0.7163295095837083,2,43
2,4,0.7983775695363493,118.67678713062548,0.6032016258924231,2,43
2,5,0.7983775695363493,57.12268955732891,0.5246589786596093,2,43
2,6,0.7983775695363493,31.99054292805219,0.5389609143585251,2,43
2,7,0.7983775695363493,21.448644278693582,0.5419659282970536,2,43
2,8,0.7983775695363493,15.067430526681486,0.5079792102782458,2,43
2,9,0.7983775695363493,11.470586921790472,0.48997286128936174,2,43
3,2,0.8463318414782619,623.9573167568484,0.960253706454375,2,43
3,3,0.8463318414782619,403.05470934859784,0.5568575790132755,2,43
3,4,0.8463318414782619,224.97572662519136,0.475902759454486,2,43
3,5,0.8463318414782619,143.5996093965244,0.5020929809597594,2,43
3,6,0.8463318414782619,109.76437494049605,0.4868733490314091,2,43
3,7,0.8463318414782619,86.44700394457035,0.4755828860570551,2,43
3,8,0.8463318414782619,67.63674317936557,0.42419446922219123,2,43
3,9,0.8463318414782619,56.03628176692036,0.39656020299279887,2,43
4,2,0.8649349103106689,702.5180370882023,0.9578643133401521,2,43
4,3,0.8649349103106689,473.82184703742416,0.5605719279861361,2,43
4,4,0.8649349103106689,303.27258609018725,0.4363952818731728,2,43
4,5,0.8649349103106689,178.6973305738283,0.47044364577002096,2,43
4,6,0.8649349103106689,141.54603030026192,0.4598727150188632,2,43
4,7,0.8649349103106689,115.27218788655277,0.44788105373017983,2,43
4,8,0.8649349103106689,95.70328446226924,0.39714828204747843,2,43
4,9,0.8649349103106689,80.23419404364871,0.37742135659125153,2,43
5,2,0.8809703412633876,770.2817552491032,0.956577638777676,2,43
5,3,0.8809703412633876,541.0387367574497,0.5555960284001326,2,43
5,4,0.8809703412633876,372.86588985462504,0.426117077007923,2,43
5,5,0.8809703412633876,234.57124090845053,0.4482047658632822,2,43
5,6,0.8809703412633876,174.12222958134882,0.4563211649489689,2,43
5,7,0.8809703412633876,143.38225806412422,0.43446197435788375,2,43
5,8,0.8809703412633876,121.02541854653134,0.4003565818326037,2,43
5,9,0.8809703412633876,102.63186804602249,0.361623767396708,2,43
6,2,0.8915654234626158,815.0523047701236,0.9546482396189183,2,43
6,3,0.8915654234626158,585.6276742950914,0.540518156219752,2,43
6,4,0.8915654234626158,416.65046661031465,0.39197862969956015,2,43
6,5,0.8915654234626158,278.8450889032981,0.4120912590932583,2,43
6,6,0.8915654234626158,214.93668911305832,0.41612303119063915,2,43
6,7,0.8915654234626158,183.18000240409944,0.4008515612128588,2,43
6,8,0.8915654234626158,160.41804906279657,0.3287220645910817,2,43
6,9,0.8915654234626158,140.73108291492707,0.3263453022335166,2,43
7,2,0.9004948220686946,852.7862259384157,0.953539816428537,2,43
7,3,0.9004948220686946,623.3348869402386,0.5380053171869326,2,43
7,4,0.9004948220686946,447.55271924961744,0.37265961790966967,2,43
7,5,0.9004948220686946,315.83206681376606,0.3944896823037895,2,43
7,6,0.9004948220686946,249.27199757125297,0.3990538740468475,2,43
7,7,0.9004948220686946,214.38938804771408,0.39922820254881414,2,43
7,8,0.9004948220686946,188.5887758678393,0.38082725438223625,2,43
7,9,0.9004948220686946,166.6873419471978,0.30959400111630764,2,43
8,2,0.9083284052070356,885.8893326813594,0.952749024976091,2,43
8,3,0.9083284052070356,655.9870853355252,0.5384059218368313,2,43
8,4,0.9083284052070356,477.2245176640714,0.36055827001855234,2,43
8,5,0.9083284052070356,347.72062697834525,0.3803775256085714,2,43
8,6,0.9083284052070356,280.65458482278984,0.3873257904134364,2,43
8,7,0.9083284052070356,240.52747763940226,0.38646574313480136,2,43
8,8,0.9083284052070356,207.45420662977932,0.3750633555617914,2,43
8,9,0.9083284052070356,182.88387498513032,0.35381847108848175,2,43
10,2,0.9218720182689153,943.1217551546094,0.950831128893297,2,43
10,3,0.9218720182689153,712.5787960987437,0.5296402445246702,2,43
10,4,0.9218720182689153,533.1777290923249,0.33864193770336426,2,43
10,5,0.9218720182689153,403.37194489012063,0.34834352017720493,2,43
10,6,0.9218720182689153,336.77542718058777,0.35564721600060206,2,43
10,7,0.9218720182689153,297.1808305610525,0.3556694352714894,2,43
10,8,0.9218720182689153,262.4660218166178,0.3274578716268329,2,43
10,9,0.9218720182689153,240.9461918319559,0.24730155856627195,2,43
12,2,0.9309483157671414,981.4757429147286,0.9495325335964379,2,43
12,3,0.9309483157671414,750.8592168969685,0.524530403046954,2,43
12,4,0.9309483157671414,576.6620588394096,0.32688969399176665,2,43
12,5,0.9309483157671414,441.61438034378057,0.3296598229039727,2,43
12,6,0.9309483157671414,374.6928817394303,0.336693632603109,2,43
12,7,0.9309483157671414,330.721362584726,0.3159148495794956,2,43
12,8,0.9309483157671414,297.39816795514855,0.3175652422540811,2,43
12,9,0.9309483157671414,270.51875675067186,0.2411835870791016,2,43
15,2,0.9410507008182933,1024.16333655654,0.9480642379205095,2,43
15,3,0.9410507008182933,802.3997778855188,0.4163755315971666,2,43
15,4,0.9410507008182933,613.6752893153031,0.3042467995313345,2,43
15,5,0.9410507008182933,483.8252441261286,0.3112409335598198,2,43
15,6,0.9410507008182933,416.4309455260607,0.3166409480213125,2,43
15,7,0.9410507008182933,377.54545879254795,0.3094927589995578,2,43
15,8,0.9410507008182933,338.4729772510359,0.3157621268572993,2,43
15,9,0.9410507008182933,312.45343620503184,0.21858039911989657,2,43
18,2,0.9495637641926774,1060.136990711423,0.9469452798117712,2,43
18,3,0.9495637641926774,828.6306892589198,0.5208725180292378,2,43
18,4,0.9495637641926774,659.344296066558,0.26571211210211476,2,43
18,5,0.9495637641926774,518.8960596753172,0.299805872302455,2,43
18,6,0.9495637641926774,451.32483573936184,0.3052943921938221,2,43
18,7,0.9495637641926774,415.81449593759413,0.30778098567257234,2,43
18,8,0.9495637641926774,381.0705939496182,0.18474093088470986,2,43
18,9,0.9495637641926774,346.6285298519676,0.20446179468716383,2,43
20,2,0.9540540843869505,1079.112286130391,0.9463246420553119,2,43
20,3,0.9540540843869505,847.4026110695977,0.5203138665064898,2,43
20,4,0.9540540843869505,676.2838252838661,0.2773865862815251,2,43
20,5,0.9540540843869505,537.4192951075938,0.2938028463960939,2,43
20,6,0.9540540843869505,469.9014363128556,0.2984838677610712,2,43
20,7,0.9540540843869505,426.9129758048221,0.29663924142269427,2,43
20,8,0.9540540843869505,400.2960605105227,0.18063713145005375,2,43
20,9,0.9540540843869505,362.9115278134843,0.25709631588036364,2,43
25,2,0.9626153378829709,1115.290597758626,0.94499463141191,2,43
25,3,0.9626153378829709,883.266335450848,0.51428924410679,2,43
25,4,0.9626153378829709,703.367824195913,0.2710123465625697,2,43
25,5,0.9626153378829709,573.8211923559592,0.2797962762434618,2,43
25,6,0.9626153378829709,505.3858604412863,0.2826637841649424,2,43
25,7,0.9626153378829709,458.75746790831465,0.2614274032435412,2,43
25,8,0.9626153378829709,432.7630694654056,0.2809509716240624,2,43
25,9,0.9626153378829709,401.5563453857972,0.27933289918883214,2,43
30,2,0.9690539705368346,1142.499127687505,0.9440077616201572,2,43
30,3,0.9690539705368346,910.4214678838426,0.5093899365935528,2,43
30,4,0.9690539705368346,736.0690315029485,0.26549631365980647,2,43
30,5,0.9690539705368346,600.2774292821366,0.2672067480131825,2,43
30,6,0.9690539705368346,532.6719480567215,0.27047383280760046,2,43
30,7,0.9690539705368346,498.9710678948691,0.272975512222595,2,43
30,8,0.9690539705368346,455.84862337102186,0.2593910048886041,2,43
30,9,0.9690539705368346,427.49646694862395,0.25249073611131956,2,43
